# rtt trace, one row per completed round, in order
# clk_hz=200000000 entries=10000 full=0 saturated=0
cycles,ns
12086,60430
6380,31900
6514,32570
6560,32800
6569,32845
6579,32895
6563,32815
6574,32870
6384,31920
6590,32950
6719,33595
6553,32765
6563,32815
6577,32885
6595,32975
6513,32565
6498,32490
6487,32435
6545,32725
6482,32410
6508,32540
6579,32895
6382,31910
6643,33215
6506,32530
6494,32470
6497,32485
6498,32490
6509,32545
6371,31855
6499,32495
6560,32800
6536,32680
6499,32495
6584,32920
6561,32805
6450,32250
6568,32840
6528,32640
6569,32845
6557,32785
6508,32540
6506,32530
6386,31930
6528,32640
6577,32885
6565,32825
6513,32565
6556,32780
6506,32530
6386,31930
6548,32740
6510,32550
6537,32685
6555,32775
6512,32560
6561,32805
6428,32140
6516,32580
6513,32565
6567,32835
6518,32590
6504,32520
6520,32600
6431,32155
6515,32575
6518,32590
6504,32520
6508,32540
6551,32755
6517,32585
6385,31925
6560,32800
6622,33110
6508,32540
6555,32775
6518,32590
6517,32585
6392,31960
6568,32840
6674,33370
6508,32540
6547,32735
6548,32740
6533,32665
6383,31915
6504,32520
6496,32480
6555,32775
6488,32440
6546,32730
6491,32455
6424,32120
6560,32800
6512,32560
6497,32485
6525,32625
6645,33225
6552,32760
6429,32145
6542,32710
6520,32600
6528,32640
6527,32635
6517,32585
6508,32540
6394,31970
6526,32630
6530,32650
6528,32640
6513,32565
6611,33055
6495,32475
6399,31995
6509,32545
6542,32710
6559,32795
6509,32545
6512,32560
6498,32490
6371,31855
6503,32515
6504,32520
6501,32505
6554,32770
6516,32580
6513,32565
6370,31850
6511,32555
6520,32600
6558,32790
6506,32530
6518,32590
6569,32845
6395,31975
6513,32565
6520,32600
6520,32600
6557,32785
6559,32795
6571,32855
6443,32215
6573,32865
6514,32570
6660,33300
6506,32530
6503,32515
6501,32505
6393,31965
6557,32785
6559,32795
6513,32565
6506,32530
6517,32585
6559,32795
6380,31900
6514,32570
6509,32545
6522,32610
6519,32595
6510,32550
6517,32585
6389,31945
6564,32820
6521,32605
6565,32825
6523,32615
6523,32615
6509,32545
6398,31990
6508,32540
6512,32560
6532,32660
6575,32875
6520,32600
6573,32865
6422,32110
6501,32505
6546,32730
6501,32505
6505,32525
6506,32530
6517,32585
6412,32060
6515,32575
6513,32565
6550,32750
6517,32585
6566,32830
6495,32475
6376,31880
6643,33215
6570,32850
6560,32800
6577,32885
6567,32835
6523,32615
6451,32255
6576,32880
6544,32720
6549,32745
6673,33365
6510,32550
6512,32560
6449,32245
6526,32630
6538,32690
6523,32615
6507,32535
6488,32440
6505,32525
6392,31960
6510,32550
6494,32470
6500,32500
6552,32760
6492,32460
6510,32550
6381,31905
6510,32550
6525,32625
6560,32800
6562,32810
6503,32515
6520,32600
6386,31930
6497,32485
6516,32580
6515,32575
6516,32580
6533,32665
6516,32580
6382,31910
6508,32540
6516,32580
6505,32525
6564,32820
6521,32605
6634,33170
6443,32215
6554,32770
6500,32500
6554,32770
6510,32550
6550,32750
6509,32545
6436,32180
6493,32465
6506,32530
6499,32495
6490,32450
6509,32545
6513,32565
6378,31890
6515,32575
6515,32575
6522,32610
6522,32610
6509,32545
6555,32775
6432,32160
6509,32545
6511,32555
6571,32855
6553,32765
6556,32780
6596,32980
6397,31985
6563,32815
6542,32710
6549,32745
6574,32870
6512,32560
6544,32720
6352,31760
6540,32700
6502,32510
6494,32470
6557,32785
6543,32715
6545,32725
6369,31845
6505,32525
6500,32500
6501,32505
6617,33085
6553,32765
6518,32590
6373,31865
6502,32510
6515,32575
6512,32560
6514,32570
6573,32865
6511,32555
6395,31975
6565,32825
6576,32880
6512,32560
6523,32615
6516,32580
6562,32810
6394,31970
6568,32840
6573,32865
6552,32760
6510,32550
6502,32510
6514,32570
6374,31870
6504,32520
6559,32795
6514,32570
6570,32850
6630,33150
6520,32600
6384,31920
6554,32770
6511,32555
6624,33120
6509,32545
6502,32510
6504,32520
6501,32505
6567,32835
6518,32590
6513,32565
6511,32555
6518,32590
6559,32795
6387,31935
6554,32770
6509,32545
6561,32805
6508,32540
6512,32560
6497,32485
6364,31820
6496,32480
6495,32475
6510,32550
6557,32785
6557,32785
6514,32570
6405,32025
6575,32875
6545,32725
6514,32570
6506,32530
6560,32800
6510,32550
6425,32125
6515,32575
6525,32625
6513,32565
6508,32540
6570,32850
6529,32645
6405,32025
6568,32840
6507,32535
6523,32615
6563,32815
6511,32555
6529,32645
6395,31975
6528,32640
6512,32560
6499,32495
6498,32490
6489,32445
6507,32535
6376,31880
6507,32535
6502,32510
6508,32540
6501,32505
6512,32560
6520,32600
6371,31855
6511,32555
6536,32680
6587,32935
6552,32760
6564,32820
6513,32565
6434,32170
6514,32570
6572,32860
6529,32645
6560,32800
6517,32585
6508,32540
6429,32145
6502,32510
6552,32760
6510,32550
6566,32830
6578,32890
6568,32840
6417,32085
6484,32420
6510,32550
6501,32505
6506,32530
6502,32510
6519,32595
6398,31990
6504,32520
6502,32510
6502,32510
6503,32515
6508,32540
6525,32625
6390,31950
6502,32510
6501,32505
6509,32545
6518,32590
6514,32570
6704,33520
6388,31940
6530,32650
6576,32880
6576,32880
6570,32850
6516,32580
6509,32545
6392,31960
6567,32835
6521,32605
6519,32595
6507,32535
6559,32795
6556,32780
6368,31840
6509,32545
6510,32550
6511,32555
6509,32545
6510,32550
6493,32465
6504,32520
6501,32505
6510,32550
6549,32745
6568,32840
6512,32560
6513,32565
6384,31920
6513,32565
6526,32630
6533,32665
6515,32575
6569,32845
6515,32575
6384,31920
6571,32855
6515,32575
6506,32530
6523,32615
6517,32585
6540,32700
6424,32120
6505,32525
6504,32520
6504,32520
6553,32765
6559,32795
6514,32570
6391,31955
6556,32780
6497,32485
6550,32750
6551,32755
6501,32505
6560,32800
6385,31925
6511,32555
6559,32795
6564,32820
6508,32540
6518,32590
6500,32500
6467,32335
6518,32590
6518,32590
6519,32595
6503,32515
6503,32515
6563,32815
6382,31910
6529,32645
6518,32590
6578,32890
6532,32660
6546,32730
6480,32400
6374,31870
6632,33160
6502,32510
6502,32510
6501,32505
6507,32535
6555,32775
6380,31900
6498,32490
6538,32690
6498,32490
6520,32600
6580,32900
6514,32570
6503,32515
6434,32170
6506,32530
6513,32565
6556,32780
6525,32625
6560,32800
6555,32775
6390,31950
6508,32540
6498,32490
6501,32505
6510,32550
6514,32570
6524,32620
6392,31960
6498,32490
6495,32475
6490,32450
6492,32460
6547,32735
6486,32430
6366,31830
6510,32550
6487,32435
6489,32445
6499,32495
6508,32540
6560,32800
6424,32120
6550,32750
6505,32525
6515,32575
6522,32610
6510,32550
6517,32585
6446,32230
6509,32545
6581,32905
6564,32820
6513,32565
6517,32585
6636,33180
6381,31905
6512,32560
6512,32560
6509,32545
6512,32560
6503,32515
6515,32575
6364,31820
6556,32780
6520,32600
6559,32795
6556,32780
6511,32555
6531,32655
6391,31955
6560,32800
6514,32570
6526,32630
6520,32600
6500,32500
6514,32570
6434,32170
6507,32535
6512,32560
6558,32790
6530,32650
6504,32520
6526,32630
6398,31990
6506,32530
6664,33320
6527,32635
6552,32760
6518,32590
6512,32560
6503,32515
6523,32615
6509,32545
6539,32695
6493,32465
6506,32530
6503,32515
6423,32115
6510,32550
6504,32520
6493,32465
6614,33070
6545,32725
6495,32475
6374,31870
6495,32475
6553,32765
6516,32580
6505,32525
6512,32560
6533,32665
6392,31960
6575,32875
6574,32870
6515,32575
6569,32845
6508,32540
6524,32620
6400,32000
6560,32800
6575,32875
6527,32635
6525,32625
6527,32635
6498,32490
6434,32170
6509,32545
6495,32475
6498,32490
6657,33285
6508,32540
6514,32570
6418,32090
6547,32735
6550,32750
6538,32690
6511,32555
6500,32500
6498,32490
6403,32015
6517,32585
6498,32490
6516,32580
6519,32595
6570,32850
6525,32625
6464,32320
6566,32830
6516,32580
6506,32530
6511,32555
6503,32515
6521,32605
6438,32190
6565,32825
6537,32685
6494,32470
6578,32890
6486,32430
6496,32480
6387,31935
6555,32775
6516,32580
6511,32555
6548,32740
6498,32490
6506,32530
6434,32170
6559,32795
6578,32890
6557,32785
6513,32565
6511,32555
6511,32555
6389,31945
6514,32570
6521,32605
6531,32655
6526,32630
6588,32940
6517,32585
6383,31915
6516,32580
6510,32550
6532,32660
6522,32610
6572,32860
6533,32665
6428,32140
6504,32520
6555,32775
6562,32810
6505,32525
6555,32775
6550,32750
6387,31935
6546,32730
6489,32445
6565,32825
6500,32500
6507,32535
6508,32540
6376,31880
6500,32500
6507,32535
6513,32565
6513,32565
6525,32625
6567,32835
6388,31940
6512,32560
6519,32595
6502,32510
6563,32815
6508,32540
6506,32530
6383,31915
6510,32550
6568,32840
6515,32575
6496,32480
6495,32475
6497,32485
6366,31830
6557,32785
6511,32555
6556,32780
6557,32785
6502,32510
6507,32535
6366,31830
6491,32455
6562,32810
6508,32540
6577,32885
6552,32760
6499,32495
6510,32550
6505,32525
6502,32510
6522,32610
6563,32815
6512,32560
6569,32845
6490,32450
6508,32540
6514,32570
6561,32805
6527,32635
6514,32570
6567,32835
6398,31990
6501,32505
6500,32500
6514,32570
6551,32755
6509,32545
6558,32790
6385,31925
6505,32525
6558,32790
6504,32520
6509,32545
6552,32760
6545,32725
6381,31905
6507,32535
6555,32775
6508,32540
6513,32565
6506,32530
6517,32585
6393,31965
6527,32635
6517,32585
6522,32610
6564,32820
6518,32590
6516,32580
6385,31925
6530,32650
6579,32895
6530,32650
6563,32815
6488,32440
6494,32470
6372,31860
6538,32690
6506,32530
6548,32740
6553,32765
6545,32725
6504,32520
6372,31860
6496,32480
6497,32485
6500,32500
6531,32655
6546,32730
6569,32845
6386,31930
6510,32550
6554,32770
6564,32820
6535,32675
6525,32625
6527,32635
6394,31970
6506,32530
6534,32670
6524,32620
6524,32620
6511,32555
6566,32830
6442,32210
6571,32855
6502,32510
6522,32610
6502,32510
6504,32520
6564,32820
6450,32250
6510,32550
6509,32545
6498,32490
6499,32495
6495,32475
6505,32525
6384,31920
6563,32815
6505,32525
6568,32840
6514,32570
6516,32580
6497,32485
6464,32320
6526,32630
6525,32625
6562,32810
6510,32550
6504,32520
6518,32590
6595,32975
6572,32860
6555,32775
6513,32565
6609,33045
6556,32780
6517,32585
6411,32055
6504,32520
6543,32715
6500,32500
6549,32745
6505,32525
6506,32530
6368,31840
6496,32480
6498,32490
6545,32725
6522,32610
6549,32745
6598,32990
6386,31930
6516,32580
6561,32805
6521,32605
6514,32570
6571,32855
6520,32600
6390,31950
6513,32565
6571,32855
6515,32575
6509,32545
6519,32595
6517,32585
6378,31890
6522,32610
6536,32680
6549,32745
6546,32730
6520,32600
6506,32530
6370,31850
6503,32515
6516,32580
6517,32585
6502,32510
6555,32775
6500,32500
6422,32110
6507,32535
6503,32515
6561,32805
6522,32610
6508,32540
6497,32485
6386,31930
6561,32805
6514,32570
6513,32565
6554,32770
6522,32610
6525,32625
6447,32235
6553,32765
6563,32815
6517,32585
6555,32775
6516,32580
6517,32585
6377,31885
6491,32455
6506,32530
6559,32795
6511,32555
6504,32520
6505,32525
6488,32440
6514,32570
6508,32540
6508,32540
6502,32510
6512,32560
6546,32730
6368,31840
6560,32800
6565,32825
6510,32550
6561,32805
6508,32540
6524,32620
6383,31915
6527,32635
6537,32685
6565,32825
6655,33275
6525,32625
6704,33520
6402,32010
6532,32660
6525,32625
6521,32605
6506,32530
6506,32530
6501,32505
6370,31850
6504,32520
6508,32540
6514,32570
6498,32490
6509,32545
6552,32760
6355,31775
6501,32505
6529,32645
6500,32500
6552,32760
6590,32950
6512,32560
6381,31905
6517,32585
6521,32605
6528,32640
6598,32990
6515,32575
6519,32595
6378,31890
6568,32840
6518,32590
6508,32540
6524,32620
6530,32650
6518,32590
6448,32240
6554,32770
6502,32510
6505,32525
6485,32425
6498,32490
6494,32470
6387,31935
6493,32465
6508,32540
6486,32430
6603,33015
6499,32495
6511,32555
6389,31945
6506,32530
6497,32485
6521,32605
6524,32620
6516,32580
6557,32785
6381,31905
6577,32885
6507,32535
6572,32860
6518,32590
6514,32570
6513,32565
6425,32125
6515,32575
6509,32545
6579,32895
6519,32595
6502,32510
6491,32455
6362,31810
6579,32895
6557,32785
6516,32580
6509,32545
6510,32550
6504,32520
6372,31860
6502,32510
6491,32455
6505,32525
6526,32630
6506,32530
6508,32540
6510,32550
6436,32180
6509,32545
6517,32585
6568,32840
6507,32535
6564,32820
6511,32555
6430,32150
6564,32820
6518,32590
6553,32765
6569,32845
6507,32535
6558,32790
6484,32420
6617,33085
6491,32455
6541,32705
6503,32515
6487,32435
6502,32510
6417,32085
6505,32525
6488,32440
6505,32525
6505,32525
6502,32510
6546,32730
6374,31870
6547,32735
6553,32765
6509,32545
6520,32600
6508,32540
6511,32555
6431,32155
6519,32595
6522,32610
6573,32865
6508,32540
6509,32545
6507,32535
6397,31985
6529,32645
6662,33310
6569,32845
6518,32590
6499,32495
6510,32550
6393,31965
6497,32485
6506,32530
6538,32690
6563,32815
6557,32785
6503,32515
6421,32105
6506,32530
6557,32785
6507,32535
6531,32655
6524,32620
6560,32800
6436,32180
6553,32765
6509,32545
6516,32580
6557,32785
6584,32920
6527,32635
6430,32150
6563,32815
6505,32525
6529,32645
6510,32550
6526,32630
6522,32610
6438,32190
6513,32565
6501,32505
6548,32740
6495,32475
6487,32435
6506,32530
6388,31940
6548,32740
6556,32780
6698,33490
6559,32795
6498,32490
6549,32745
6370,31850
6499,32495
6511,32555
6518,32590
6505,32525
6643,33215
6543,32715
6425,32125
6518,32590
6525,32625
6522,32610
6515,32575
6518,32590
6556,32780
6419,32095
6635,33175
6513,32565
6519,32595
6535,32675
6570,32850
6502,32510
6373,31865
6545,32725
6567,32835
6509,32545
6499,32495
6522,32610
6500,32500
6377,31885
6545,32725
6489,32445
6551,32755
6510,32550
6551,32755
6526,32630
6383,31915
6521,32605
6559,32795
6507,32535
6501,32505
6594,32970
6534,32670
6390,31950
6518,32590
6527,32635
6566,32830
6517,32585
6562,32810
6523,32615
6406,32030
6538,32690
6572,32860
6504,32520
6491,32455
6497,32485
6548,32740
6382,31910
6517,32585
6508,32540
6513,32565
6553,32765
6558,32790
6514,32570
6421,32105
6527,32635
6505,32525
6519,32595
6508,32540
6505,32525
6508,32540
6376,31880
6511,32555
6522,32610
6551,32755
6648,33240
6526,32630
6503,32515
6432,32160
6510,32550
6516,32580
6561,32805
6512,32560
6523,32615
6568,32840
6448,32240
6513,32565
6508,32540
6499,32495
6506,32530
6609,33045
6515,32575
6379,31895
6552,32760
6632,33160
6495,32475
6547,32735
6551,32755
6558,32790
6379,31895
6508,32540
6566,32830
6589,32945
6508,32540
6568,32840
6523,32615
6429,32145
6568,32840
6518,32590
6513,32565
6557,32785
6505,32525
6520,32600
6395,31975
6533,32665
6575,32875
6526,32630
6486,32430
6504,32520
6496,32480
6415,32075
6515,32575
6513,32565
6502,32510
6554,32770
6551,32755
6506,32530
6369,31845
6505,32525
6507,32535
6514,32570
6507,32535
6565,32825
6511,32555
6406,32030
6520,32600
6511,32555
6516,32580
6517,32585
6576,32880
6562,32810
6475,32375
6558,32790
6507,32535
6509,32545
6527,32635
6534,32670
6573,32865
6450,32250
6540,32700
6491,32455
6514,32570
6489,32445
6523,32615
6563,32815
6396,31980
6557,32785
6509,32545
6505,32525
6512,32560
6516,32580
6560,32800
6391,31955
6547,32735
6559,32795
6509,32545
6514,32570
6555,32775
6495,32475
6541,32705
6509,32545
6524,32620
6628,33140
6562,32810
6514,32570
6503,32515
6390,31950
6526,32630
6569,32845
6575,32875
6515,32575
6490,32450
6504,32520
6421,32105
6502,32510
6497,32485
6549,32745
6552,32760
6496,32480
6504,32520
6367,31835
6503,32515
6493,32465
6551,32755
6557,32785
6505,32525
6503,32515
6382,31910
6584,32920
6513,32565
6513,32565
6514,32570
6574,32870
6610,33050
6407,32035
6504,32520
6554,32770
6563,32815
6513,32565
6521,32605
6563,32815
6390,31950
6528,32640
6507,32535
6509,32545
6501,32505
6499,32495
6519,32595
6384,31920
6564,32820
6511,32555
6505,32525
6493,32465
6507,32535
6549,32745
6375,31875
6511,32555
6563,32815
6517,32585
6524,32620
6503,32515
6504,32520
6430,32150
6524,32620
6566,32830
6515,32575
6519,32595
6506,32530
6510,32550
6373,31865
6557,32785
6519,32595
6523,32615
6569,32845
6567,32835
6507,32535
6374,31870
6550,32750
6495,32475
6515,32575
6542,32710
6501,32505
6555,32775
6364,31820
6539,32695
6500,32500
6492,32460
6503,32515
6562,32810
6495,32475
6371,31855
6565,32825
6525,32625
6520,32600
6511,32555
6578,32890
6575,32875
6443,32215
6570,32850
6506,32530
6561,32805
6519,32595
6522,32610
6532,32660
6399,31995
6519,32595
6517,32585
6549,32745
6504,32520
6499,32495
6508,32540
6596,32980
6511,32555
6514,32570
6519,32595
6509,32545
6506,32530
6575,32875
6402,32010
6499,32495
6520,32600
6503,32515
6560,32800
6502,32510
6508,32540
6391,31955
6570,32850
6514,32570
6575,32875
6519,32595
6517,32585
6563,32815
6385,31925
6500,32500
6515,32575
6580,32900
6572,32860
6524,32620
6528,32640
6413,32065
6494,32470
6505,32525
6486,32430
6558,32790
6561,32805
6513,32565
6428,32140
6505,32525
6494,32470
6551,32755
6562,32810
6560,32800
6526,32630
6531,32655
6528,32640
6510,32550
6511,32555
6560,32800
6517,32585
6514,32570
6395,31975
6519,32595
6522,32610
6508,32540
6513,32565
6531,32655
6522,32610
6389,31945
6573,32865
6578,32890
6527,32635
6514,32570
6503,32515
6509,32545
6486,32430
6517,32585
6520,32600
6513,32565
6560,32800
6500,32500
6504,32520
6370,31850
6503,32515
6511,32555
6508,32540
6499,32495
6563,32815
6568,32840
6391,31955
6512,32560
6514,32570
6523,32615
6530,32650
6529,32645
6520,32600
6390,31950
6521,32605
6596,32980
6540,32700
6519,32595
6512,32560
6515,32575
6447,32235
6494,32470
6555,32775
6552,32760
6545,32725
6548,32740
6505,32525
6383,31915
6508,32540
6560,32800
6518,32590
6500,32500
6502,32510
6562,32810
6434,32170
6504,32520
6507,32535
6511,32555
6510,32550
6514,32570
6514,32570
6494,32470
6531,32655
6518,32590
6522,32610
6561,32805
6512,32560
6522,32610
6433,32165
6520,32600
6512,32560
6516,32580
6530,32650
6505,32525
6555,32775
6376,31880
6502,32510
6558,32790
6500,32500
6559,32795
6511,32555
6504,32520
6379,31895
6543,32715
6491,32455
6562,32810
6503,32515
6507,32535
6521,32605
6519,32595
6381,31905
6504,32520
6560,32800
6517,32585
6506,32530
6520,32600
6521,32605
6393,31965
6565,32825
6514,32570
6521,32605
6573,32865
6524,32620
6576,32880
6399,31995
6649,33245
6496,32480
6492,32460
6506,32530
6551,32755
6559,32795
6376,31880
6552,32760
6573,32865
6510,32550
6494,32470
6621,33105
6513,32565
6424,32120
6558,32790
6516,32580
6517,32585
6508,32540
6563,32815
6551,32755
6390,31950
6513,32565
6579,32895
6576,32880
6560,32800
6579,32895
6559,32795
6426,32130
6577,32885
6530,32650
6532,32660
6573,32865
6560,32800
6509,32545
6392,31960
6586,32930
6516,32580
6507,32535
6526,32630
6524,32620
6521,32605
6388,31940
6575,32875
6574,32870
6564,32820
6535,32675
6564,32820
6554,32770
6379,31895
6512,32560
6497,32485
6516,32580
6518,32590
6575,32875
6529,32645
6391,31955
6567,32835
6545,32725
6513,32565
6562,32810
6527,32635
6519,32595
6396,31980
6526,32630
6490,32450
6485,32425
6556,32780
6601,33005
6502,32510
6429,32145
6503,32515
6496,32480
6551,32755
6487,32435
6550,32750
6495,32475
6451,32255
6508,32540
6511,32555
6500,32500
6566,32830
6505,32525
6561,32805
6388,31940
6536,32680
6527,32635
6572,32860
6570,32850
6516,32580
6522,32610
6393,31965
6506,32530
6518,32590
6522,32610
6574,32870
6576,32880
6508,32540
6423,32115
6503,32515
6546,32730
6507,32535
6636,33180
6518,32590
6553,32765
6364,31820
6497,32485
6511,32555
6509,32545
6561,32805
6507,32535
6512,32560
6389,31945
6564,32820
6516,32580
6514,32570
6523,32615
6517,32585
6514,32570
6390,31950
6523,32615
6515,32575
6543,32715
6509,32545
6511,32555
6603,33015
6406,32030
6519,32595
6529,32645
6548,32740
6493,32465
6510,32550
6498,32490
6433,32165
6500,32500
6523,32615
6508,32540
6492,32460
6550,32750
6504,32520
6375,31875
6525,32625
6509,32545
6513,32565
6504,32520
6505,32525
6528,32640
6449,32245
6563,32815
6573,32865
6576,32880
6576,32880
6528,32640
6515,32575
6443,32215
6518,32590
6520,32600
6545,32725
6521,32605
6518,32590
6512,32560
6419,32095
6507,32535
6503,32515
6558,32790
6498,32490
6505,32525
6512,32560
6427,32135
6501,32505
6551,32755
6498,32490
6486,32430
6616,33080
6553,32765
6434,32170
6498,32490
6648,33240
6521,32605
6502,32510
6512,32560
6512,32560
6444,32220
6515,32575
6562,32810
6523,32615
6504,32520
6504,32520
6519,32595
6397,31985
6576,32880
6566,32830
6527,32635
6548,32740
6486,32430
6490,32450
6418,32090
6501,32505
6526,32630
6507,32535
6553,32765
6512,32560
6488,32440
6363,31815
6498,32490
6516,32580
6503,32515
6556,32780
6508,32540
6525,32625
6383,31915
6517,32585
6507,32535
6516,32580
6511,32555
6517,32585
6569,32845
6396,31980
6512,32560
6565,32825
6512,32560
6522,32610
6525,32625
6520,32600
6390,31950
6500,32500
6527,32635
6561,32805
6504,32520
6588,32940
6501,32505
6436,32180
6504,32520
6548,32740
6507,32535
6552,32760
6488,32440
6514,32570
6432,32160
6512,32560
6521,32605
6505,32525
6494,32470
6516,32580
6558,32790
6445,32225
6559,32795
6559,32795
6561,32805
6561,32805
6506,32530
6512,32560
6385,31925
6568,32840
6521,32605
6522,32610
6608,33040
6542,32710
6538,32690
6375,31875
6504,32520
6504,32520
6502,32510
6512,32560
6504,32520
6664,33320
6416,32080
6550,32750
6537,32685
6498,32490
6551,32755
6502,32510
6503,32515
6461,32305
6551,32755
6563,32815
6514,32570
6571,32855
6571,32855
6518,32590
6388,31940
6540,32700
6570,32850
6551,32755
6515,32575
6514,32570
6524,32620
6389,31945
6573,32865
6513,32565
6543,32715
6514,32570
6504,32520
6517,32585
6507,32535
6504,32520
6553,32765
6504,32520
6517,32585
6517,32585
6548,32740
6392,31960
6515,32575
6507,32535
6511,32555
6497,32485
6558,32790
6564,32820
6432,32160
6600,33000
6576,32880
6546,32730
6518,32590
6512,32560
6557,32785
6494,32470
6497,32485
6522,32610
6527,32635
6570,32850
6506,32530
6549,32745
6363,31815
6486,32430
6506,32530
6516,32580
6497,32485
6507,32535
6546,32730
6371,31855
6489,32445
6554,32770
6509,32545
6554,32770
6553,32765
6550,32750
6429,32145
6517,32585
6565,32825
6522,32610
6512,32560
6569,32845
6569,32845
6395,31975
6519,32595
6509,32545
6509,32545
6518,32590
6514,32570
6566,32830
6385,31925
6514,32570
6576,32880
6498,32490
6546,32730
6554,32770
6505,32525
6379,31895
6519,32595
6519,32595
6505,32525
6544,32720
6503,32515
6509,32545
6374,31870
6536,32680
6521,32605
6557,32785
6555,32775
6518,32590
6562,32810
6429,32145
6516,32580
6512,32560
6513,32565
6514,32570
6515,32575
6512,32560
6397,31985
6519,32595
6516,32580
6564,32820
6668,33340
6578,32890
6569,32845
6380,31900
6546,32730
6499,32495
6504,32520
6509,32545
6517,32585
6516,32580
6370,31850
6562,32810
6557,32785
6496,32480
6503,32515
6525,32625
6562,32810
6435,32175
6515,32575
6519,32595
6526,32630
6523,32615
6508,32540
6518,32590
6407,32035
6513,32565
6534,32670
6562,32810
6512,32560
6514,32570
6506,32530
6396,31980
6529,32645
6540,32700
6529,32645
6554,32770
6492,32460
6499,32495
6380,31900
6504,32520
6505,32525
6504,32520
6550,32750
6535,32675
6503,32515
6431,32155
6496,32480
6504,32520
6558,32790
6515,32575
6556,32780
6510,32550
6387,31935
6506,32530
6657,33285
6520,32600
6532,32660
6523,32615
6527,32635
6376,31880
6561,32805
6515,32575
6513,32565
6514,32570
6573,32865
6573,32865
6405,32025
6510,32550
6495,32475
6495,32475
6512,32560
6552,32760
6532,32660
6432,32160
6522,32610
6496,32480
6545,32725
6494,32470
6507,32535
6563,32815
6534,32670
6501,32505
6505,32525
6500,32500
6523,32615
6512,32560
6501,32505
6402,32010
6532,32660
6523,32615
6569,32845
6599,32995
6519,32595
6566,32830
6371,31855
6515,32575
6537,32685
6518,32590
6527,32635
6504,32520
6490,32450
6395,31975
6556,32780
6521,32605
6514,32570
6512,32560
6507,32535
6506,32530
6368,31840
6488,32440
6508,32540
6506,32530
6508,32540
6568,32840
6523,32615
6559,32795
6386,31930
6512,32560
6502,32510
6516,32580
6523,32615
6549,32745
6521,32605
6374,31870
6509,32545
6506,32530
6566,32830
6564,32820
6535,32675
6524,32620
6402,32010
6501,32505
6501,32505
6483,32415
6540,32700
6542,32710
6502,32510
6427,32135
6491,32455
6492,32460
6544,32720
6568,32840
6490,32450
6496,32480
6430,32150
6504,32520
6504,32520
6508,32540
6513,32565
6503,32515
6557,32785
6391,31955
6576,32880
6562,32810
6526,32630
6512,32560
6561,32805
6504,32520
6374,31870
6578,32890
6507,32535
6571,32855
6560,32800
6508,32540
6572,32860
6418,32090
6497,32485
6512,32560
6519,32595
6606,33030
6511,32555
6519,32595
6420,32100
6513,32565
6560,32800
6515,32575
6527,32635
6557,32785
6563,32815
6381,31905
6507,32535
6560,32800
6514,32570
6564,32820
6521,32605
6561,32805
6435,32175
6506,32530
6595,32975
6539,32695
6516,32580
6562,32810
6515,32575
6548,32740
6504,32520
6551,32755
6483,32415
6486,32430
6606,33030
6497,32485
6427,32135
6516,32580
6504,32520
6495,32475
6493,32465
6495,32475
6500,32500
6382,31910
6504,32520
6557,32785
6561,32805
6507,32535
6526,32630
6516,32580
6426,32130
6524,32620
6518,32590
6571,32855
6572,32860
6567,32835
6554,32770
6434,32170
6641,33205
6640,33200
6534,32670
6516,32580
6521,32605
6625,33125
6416,32080
6493,32465
6510,32550
6553,32765
6519,32595
6550,32750
6564,32820
6402,32010
6503,32515
6499,32495
6494,32470
6560,32800
6506,32530
6509,32545
6430,32150
6627,33135
6504,32520
6512,32560
6504,32520
6509,32545
6576,32880
6390,31950
6515,32575
6513,32565
6592,32960
6523,32615
6513,32565
6575,32875
6436,32180
6562,32810
6523,32615
6506,32530
6512,32560
6502,32510
6487,32435
6382,31910
6527,32635
6505,32525
6513,32565
6515,32575
6514,32570
6513,32565
6404,32020
6509,32545
6546,32730
6517,32585
6510,32550
6513,32565
6520,32600
6391,31955
6506,32530
6525,32625
6515,32575
6524,32620
6521,32605
6523,32615
6382,31910
6570,32850
6505,32525
6523,32615
6529,32645
6567,32835
6512,32560
6373,31865
6504,32520
6510,32550
6501,32505
6528,32640
6599,32995
6518,32590
6375,31875
6546,32730
6557,32785
6493,32465
6547,32735
6513,32565
6518,32590
6383,31915
6521,32605
6521,32605
6568,32840
6513,32565
6634,33170
6507,32535
6401,32005
6523,32615
6654,33270
6527,32635
6517,32585
6529,32645
6499,32495
6449,32245
6533,32665
6519,32595
6565,32825
6504,32520
6545,32725
6548,32740
6372,31860
6560,32800
6559,32795
6556,32780
6495,32475
6493,32465
6506,32530
6413,32065
6505,32525
6511,32555
6506,32530
6507,32535
6510,32550
6581,32905
6383,31915
6542,32710
6512,32560
6515,32575
6519,32595
6527,32635
6523,32615
6389,31945
6505,32525
6553,32765
6511,32555
6511,32555
6513,32565
6518,32590
6399,31995
6496,32480
6501,32505
6509,32545
6520,32600
6509,32545
6509,32545
6381,31905
6514,32570
6523,32615
6538,32690
6500,32500
6494,32470
6524,32620
6372,31860
6517,32585
6523,32615
6501,32505
6506,32530
6515,32575
6542,32710
6391,31955
6560,32800
6514,32570
6524,32620
6513,32565
6501,32505
6511,32555
6428,32140
6565,32825
6522,32610
6509,32545
6575,32875
6493,32465
6545,32725
6364,31820
6541,32705
6503,32515
6498,32490
6575,32875
6504,32520
6552,32760
6362,31810
6518,32590
6544,32720
6506,32530
6500,32500
6559,32795
6522,32610
6390,31950
6522,32610
6512,32560
6513,32565
6571,32855
6519,32595
6574,32870
6440,32200
6566,32830
6560,32800
6556,32780
6512,32560
6560,32800
6567,32835
6393,31965
6574,32870
6509,32545
6499,32495
6574,32870
6559,32795
6561,32805
6439,32195
6517,32585
6523,32615
6499,32495
6557,32785
6507,32535
6547,32735
6383,31915
6509,32545
6526,32630
6561,32805
6517,32585
6504,32520
6501,32505
6396,31980
6524,32620
6561,32805
6568,32840
6508,32540
6499,32495
6494,32470
6381,31905
6514,32570
6566,32830
6571,32855
6567,32835
6525,32625
6500,32500
6376,31880
6551,32755
6509,32545
6557,32785
6505,32525
6506,32530
6496,32480
6378,31890
6497,32485
6510,32550
6507,32535
6512,32560
6505,32525
6519,32595
6368,31840
6566,32830
6521,32605
6505,32525
6561,32805
6571,32855
6515,32575
6446,32230
6525,32625
6575,32875
6512,32560
6525,32625
6512,32560
6525,32625
6397,31985
6557,32785
6536,32680
6519,32595
6502,32510
6496,32480
6537,32685
6398,31990
6624,33120
6515,32575
6553,32765
6493,32465
6545,32725
6489,32445
6359,31795
6562,32810
6561,32805
6510,32550
6501,32505
6507,32535
6498,32490
6380,31900
6562,32810
6521,32605
6564,32820
6509,32545
6569,32845
6556,32780
6430,32150
6570,32850
6521,32605
6520,32600
6573,32865
6521,32605
6522,32610
6371,31855
6493,32465
6543,32715
6493,32465
6505,32525
6501,32505
6504,32520
6386,31930
6548,32740
6558,32790
6515,32575
6505,32525
6520,32600
6511,32555
6403,32015
6518,32590
6504,32520
6512,32560
6518,32590
6506,32530
6512,32560
6398,31990
6651,33255
6530,32650
6512,32560
6525,32625
6518,32590
6536,32680
6446,32230
6572,32860
6547,32735
6529,32645
6504,32520
6500,32500
6510,32550
6433,32165
6507,32535
6509,32545
6568,32840
6505,32525
6514,32570
6497,32485
6383,31915
6501,32505
6673,33365
6501,32505
6568,32840
6517,32585
6506,32530
6431,32155
6512,32560
6507,32535
6571,32855
6523,32615
6511,32555
6631,33155
6377,31885
6530,32650
6521,32605
6506,32530
6510,32550
6518,32590
6522,32610
6382,31910
6510,32550
6513,32565
6495,32475
6502,32510
6505,32525
6496,32480
6430,32150
6506,32530
6488,32440
6500,32500
6497,32485
6501,32505
6542,32710
6375,31875
6502,32510
6633,33165
6503,32515
6587,32935
6512,32560
6521,32605
6384,31920
6575,32875
6546,32730
6578,32890
6508,32540
6512,32560
6509,32545
6461,32305
6592,32960
6509,32545
6737,33685
6526,32630
6500,32500
6504,32520
6373,31865
6506,32530
6555,32775
6516,32580
6568,32840
6505,32525
6499,32495
6372,31860
6552,32760
6497,32485
6499,32495
6522,32610
6552,32760
6556,32780
6510,32550
6384,31920
6495,32475
6548,32740
6517,32585
6510,32550
6563,32815
6508,32540
6401,32005
6629,33145
6508,32540
6509,32545
6668,33340
6526,32630
6531,32655
6417,32085
6488,32440
6529,32645
6527,32635
6515,32575
6545,32725
6550,32750
6373,31865
6533,32665
6554,32770
6487,32435
6500,32500
6554,32770
6503,32515
6422,32110
6548,32740
6556,32780
6560,32800
6520,32600
6557,32785
6523,32615
6448,32240
6568,32840
6549,32745
6531,32655
6502,32510
6510,32550
6509,32545
6377,31885
6519,32595
6562,32810
6566,32830
6523,32615
6505,32525
6514,32570
6374,31870
6496,32480
6505,32525
6572,32860
6563,32815
6511,32555
6503,32515
6420,32100
6534,32670
6513,32565
6513,32565
6515,32575
6513,32565
6567,32835
6492,32460
6516,32580
6506,32530
6495,32475
6513,32565
6513,32565
6511,32555
6399,31995
6509,32545
6510,32550
6564,32820
6507,32535
6515,32575
6518,32590
6437,32185
6503,32515
6563,32815
6549,32745
6509,32545
6511,32555
6626,33130
6433,32165
6499,32495
6499,32495
6544,32720
6643,33215
6498,32490
6499,32495
6425,32125
6643,33215
6558,32790
6561,32805
6502,32510
6522,32610
6516,32580
6376,31880
6521,32605
6513,32565
6565,32825
6527,32635
6538,32690
6518,32590
6387,31935
6519,32595
6522,32610
6517,32585
6573,32865
6524,32620
6498,32490
6365,31825
6503,32515
6545,32725
6497,32485
6504,32520
6564,32820
6499,32495
6388,31940
6548,32740
6495,32475
6542,32710
6555,32775
6615,33075
6555,32775
6383,31915
6517,32585
6509,32545
6558,32790
6558,32790
6504,32520
6509,32545
6439,32195
6505,32525
6500,32500
6562,32810
6502,32510
6511,32555
6509,32545
6389,31945
6544,32720
6576,32880
6554,32770
6501,32505
6495,32475
6569,32845
6372,31860
6570,32850
6512,32560
6555,32775
6557,32785
6491,32455
6554,32770
6431,32155
6516,32580
6505,32525
6520,32600
6514,32570
6512,32560
6501,32505
6373,31865
6522,32610
6575,32875
6639,33195
6513,32565
6576,32880
6562,32810
6391,31955
6522,32610
6502,32510
6568,32840
6526,32630
6520,32600
6527,32635
6374,31870
6501,32505
6502,32510
6580,32900
6517,32585
6507,32535
6561,32805
6431,32155
6490,32450
6511,32555
6622,33110
6551,32755
6508,32540
6510,32550
6389,31945
6509,32545
6510,32550
6506,32530
6513,32565
6523,32615
6527,32635
6392,31960
6525,32625
6514,32570
6520,32600
6512,32560
6519,32595
6510,32550
6394,31970
6523,32615
6515,32575
6569,32845
6496,32480
6501,32505
6553,32765
6375,31875
6560,32800
6495,32475
6557,32785
6508,32540
6492,32460
6618,33090
6417,32085
6552,32760
6560,32800
6511,32555
6553,32765
6512,32560
6504,32520
6437,32185
6516,32580
6504,32520
6523,32615
6522,32610
6508,32540
6523,32615
6382,31910
6516,32580
6513,32565
6531,32655
6527,32635
6519,32595
6513,32565
6384,31920
6499,32495
6548,32740
6544,32720
6562,32810
6509,32545
6512,32560
6517,32585
6524,32620
6498,32490
6518,32590
6500,32500
6553,32765
6520,32600
6440,32200
6558,32790
6502,32510
6517,32585
6508,32540
6507,32535
6501,32505
6393,31965
6521,32605
6519,32595
6512,32560
6513,32565
6502,32510
6561,32805
6420,32100
6521,32605
6567,32835
6566,32830
6519,32595
6486,32430
6493,32465
6375,31875
6488,32440
6502,32510
6512,32560
6552,32760
6512,32560
6548,32740
6379,31895
6548,32740
6544,32720
6555,32775
6505,32525
6513,32565
6498,32490
6413,32065
6517,32585
6502,32510
6508,32540
6521,32605
6532,32660
6565,32825
6445,32225
6512,32560
6563,32815
6514,32570
6556,32780
6571,32855
6531,32655
6442,32210
6518,32590
6548,32740
6554,32770
6501,32505
6498,32490
6554,32770
6380,31900
6532,32660
6557,32785
6515,32575
6501,32505
6496,32480
6508,32540
6438,32190
6527,32635
6507,32535
6524,32620
6524,32620
6514,32570
6503,32515
6381,31905
6570,32850
6570,32850
6561,32805
6639,33195
6511,32555
6537,32685
6393,31965
6512,32560
6526,32630
6519,32595
6523,32615
6515,32575
6547,32735
6376,31880
6510,32550
6493,32465
6549,32745
6553,32765
6522,32610
6511,32555
6413,32065
6493,32465
6489,32445
6578,32890
6515,32575
6497,32485
6503,32515
6364,31820
6521,32605
6505,32525
6560,32800
6567,32835
6534,32670
6575,32875
6390,31950
6522,32610
6511,32555
6504,32520
6516,32580
6512,32560
6573,32865
6385,31925
6531,32655
6556,32780
6503,32515
6504,32520
6501,32505
6550,32750
6367,31835
6662,33310
6555,32775
6566,32830
6553,32765
6509,32545
6498,32490
6371,31855
6527,32635
6563,32815
6597,32985
6515,32575
6518,32590
6504,32520
6382,31910
6509,32545
6526,32630
6535,32675
6513,32565
6525,32625
6521,32605
6448,32240
6505,32525
6569,32845
6606,33030
6529,32645
6579,32895
6650,33250
6363,31815
6489,32445
6526,32630
6639,33195
6504,32520
6518,32590
6523,32615
6427,32135
6513,32565
6554,32770
6515,32575
6545,32725
6576,32880
6510,32550
6445,32225
6560,32800
6511,32555
6508,32540
6515,32575
6521,32605
6569,32845
6386,31930
6572,32860
6574,32870
6530,32650
6502,32510
6514,32570
6529,32645
6458,32290
6566,32830
6640,33200
6529,32645
6652,33260
6526,32630
6514,32570
6421,32105
6502,32510
6565,32825
6498,32490
6507,32535
6506,32530
6512,32560
6497,32485
6504,32520
6512,32560
6581,32905
6550,32750
6510,32550
6515,32575
6381,31905
6511,32555
6568,32840
6578,32890
6569,32845
6576,32880
6562,32810
6376,31880
6517,32585
6504,32520
6551,32755
6526,32630
6528,32640
6571,32855
6391,31955
6497,32485
6509,32545
6489,32445
6490,32450
6558,32790
6549,32745
6389,31945
6520,32600
6497,32485
6494,32470
6553,32765
6512,32560
6509,32545
6387,31935
6503,32515
6515,32575
6527,32635
6506,32530
6500,32500
6518,32590
6442,32210
6573,32865
6513,32565
6532,32660
6575,32875
6559,32795
6506,32530
6393,31965
6580,32900
6511,32555
6560,32800
6519,32595
6497,32485
6497,32485
6366,31830
6501,32505
6514,32570
6512,32560
6564,32820
6514,32570
6499,32495
6372,31860
6495,32475
6505,32525
6505,32525
6568,32840
6504,32520
6568,32840
6517,32585
6379,31895
6512,32560
6511,32555
6575,32875
6566,32830
6571,32855
6535,32675
6383,31915
6511,32555
6523,32615
6561,32805
6511,32555
6566,32830
6534,32670
6403,32015
6504,32520
6489,32445
6505,32525
6493,32465
6525,32625
6547,32735
6385,31925
6554,32770
6496,32480
6514,32570
6491,32455
6500,32500
6501,32505
6376,31880
6519,32595
6553,32765
6522,32610
6506,32530
6633,33165
6521,32605
6447,32235
6575,32875
6567,32835
6571,32855
6513,32565
6517,32585
6514,32570
6379,31895
6565,32825
6577,32885
6527,32635
6569,32845
6538,32690
6496,32480
6433,32165
6556,32780
6508,32540
6508,32540
6505,32525
6551,32755
6553,32765
6395,31975
6556,32780
6511,32555
6512,32560
6588,32940
6513,32565
6514,32570
6380,31900
6516,32580
6557,32785
6558,32790
6517,32585
6568,32840
6517,32585
6444,32220
6553,32765
6509,32545
6559,32795
6501,32505
6508,32540
6506,32530
6380,31900
6567,32835
6563,32815
6506,32530
6540,32700
6494,32470
6504,32520
6368,31840
6499,32495
6548,32740
6499,32495
6485,32425
6499,32495
6544,32720
6382,31910
6674,33370
6638,33190
6510,32550
6510,32550
6518,32590
6533,32665
6381,31905
6512,32560
6532,32660
6568,32840
6515,32575
6502,32510
6559,32795
6380,31900
6520,32600
6564,32820
6567,32835
6521,32605
6525,32625
6496,32480
6382,31910
6498,32490
6491,32455
6509,32545
6522,32610
6509,32545
6550,32750
6526,32630
6503,32515
6518,32590
6637,33185
6516,32580
6581,32905
6556,32780
6382,31910
6680,33400
6563,32815
6527,32635
6522,32610
6526,32630
6515,32575
6394,31970
6567,32835
6523,32615
6565,32825
6522,32610
6557,32785
6569,32845
6402,32010
6527,32635
6519,32595
6621,33105
6504,32520
6505,32525
6485,32425
6419,32095
6517,32585
6557,32785
6525,32625
6505,32525
6558,32790
6516,32580
6381,31905
6505,32525
6521,32605
6501,32505
6503,32515
6504,32520
6498,32490
6439,32195
6507,32535
6581,32905
6567,32835
6569,32845
6543,32715
6510,32550
6435,32175
6563,32815
6557,32785
6576,32880
6571,32855
6635,33175
6525,32625
6378,31890
6493,32465
6557,32785
6545,32725
6526,32630
6645,33225
6555,32775
6396,31980
6552,32760
6525,32625
6546,32730
6502,32510
6565,32825
6565,32825
6370,31850
6558,32790
6519,32595
6514,32570
6520,32600
6513,32565
6531,32655
6448,32240
6519,32595
6520,32600
6521,32605
6565,32825
6506,32530
6525,32625
6445,32225
6513,32565
6532,32660
6517,32585
6484,32420
6501,32505
6552,32760
6370,31850
6505,32525
6504,32520
6559,32795
6508,32540
6516,32580
6510,32550
6370,31850
6496,32480
6508,32540
6512,32560
6581,32905
6507,32535
6512,32560
6375,31875
6513,32565
6505,32525
6515,32575
6576,32880
6567,32835
6516,32580
6372,31860
6520,32600
6505,32525
6566,32830
6565,32825
6573,32865
6524,32620
6387,31935
6501,32505
6502,32510
6539,32695
6506,32530
6500,32500
6515,32575
6437,32185
6521,32605
6491,32455
6500,32500
6491,32455
6501,32505
6567,32835
6367,31835
6511,32555
6568,32840
6523,32615
6520,32600
6496,32480
6505,32525
6389,31945
6508,32540
6506,32530
6568,32840
6521,32605
6527,32635
6502,32510
6384,31920
6525,32625
6563,32815
6532,32660
6531,32655
6535,32675
6522,32610
6400,32000
6489,32445
6504,32520
6510,32550
6550,32750
6500,32500
6500,32500
6366,31830
6500,32500
6498,32490
6502,32510
6508,32540
6517,32585
6496,32480
6397,31985
6553,32765
6519,32595
6521,32605
6510,32550
6531,32655
6574,32870
6466,32330
6520,32600
6514,32570
6512,32560
6562,32810
6578,32890
6576,32880
6435,32175
6565,32825
6495,32475
6504,32520
6560,32800
6497,32485
6560,32800
6395,31975
6567,32835
6508,32540
6548,32740
6498,32490
6508,32540
6512,32560
6429,32145
6501,32505
6511,32555
6527,32635
6519,32595
6502,32510
6519,32595
6466,32330
6526,32630
6527,32635
6512,32560
6568,32840
6502,32510
6509,32545
6388,31940
6509,32545
6573,32865
6560,32800
6639,33195
6522,32610
6496,32480
6373,31865
6484,32420
6500,32500
6555,32775
6508,32540
6500,32500
6505,32525
6364,31820
6516,32580
6538,32690
6551,32755
6504,32520
6508,32540
6508,32540
6373,31865
6568,32840
6541,32705
6520,32600
6517,32585
6523,32615
6536,32680
6404,32020
6528,32640
6563,32815
6631,33155
6524,32620
6519,32595
6525,32625
6395,31975
6565,32825
6603,33015
6551,32755
6501,32505
6547,32735
6574,32870
6380,31900
6512,32560
6504,32520
6573,32865
6499,32495
6491,32455
6548,32740
6416,32080
6547,32735
6505,32525
6510,32550
6513,32565
6511,32555
6518,32590
6391,31955
6509,32545
6532,32660
6574,32870
6506,32530
6566,32830
6561,32805
6381,31905
6508,32540
6516,32580
6657,33285
6539,32695
6531,32655
6519,32595
6365,31825
6496,32480
6543,32715
6502,32510
6554,32770
6516,32580
6555,32775
6400,32000
6557,32785
6512,32560
6559,32795
6501,32505
6518,32590
6518,32590
6395,31975
6564,32820
6512,32560
6510,32550
6645,33225
6519,32595
6532,32660
6445,32225
6511,32555
6520,32600
6511,32555
6508,32540
6567,32835
6510,32550
6395,31975
6509,32545
6574,32870
6530,32650
6558,32790
6556,32780
6504,32520
6374,31870
6519,32595
6502,32510
6516,32580
6565,32825
6499,32495
6620,33100
6377,31885
6553,32765
6518,32590
6517,32585
6513,32565
6517,32585
6515,32575
6374,31870
6536,32680
6508,32540
6523,32615
6518,32590
6534,32670
6529,32645
6435,32175
6519,32595
6565,32825
6511,32555
6518,32590
6572,32860
6524,32620
6442,32210
6497,32485
6542,32710
6492,32460
6494,32470
6506,32530
6508,32540
6372,31860
6632,33160
6542,32710
6498,32490
6500,32500
6502,32510
6525,32625
6392,31960
6577,32885
6505,32525
6527,32635
6545,32725
6512,32560
6514,32570
6428,32140
6576,32880
6526,32630
6573,32865
6629,33145
6502,32510
6514,32570
6467,32335
6525,32625
6524,32620
6508,32540
6570,32850
6547,32735
6494,32470
6386,31930
6503,32515
6506,32530
6570,32850
6512,32560
6497,32485
6549,32745
6424,32120
6493,32465
6498,32490
6508,32540
6515,32575
6571,32855
6514,32570
6511,32555
6423,32115
6562,32810
6513,32565
6514,32570
6521,32605
6522,32610
6565,32825
6379,31895
6513,32565
6504,32520
6513,32565
6562,32810
6525,32625
6567,32835
6387,31935
6487,32435
6492,32460
6481,32405
6507,32535
6510,32550
6556,32780
6424,32120
6492,32460
6490,32450
6508,32540
6502,32510
6542,32710
6556,32780
6420,32100
6504,32520
6509,32545
6560,32800
6564,32820
6508,32540
6531,32655
6449,32245
6564,32820
6509,32545
6527,32635
6520,32600
6520,32600
6507,32535
6436,32180
6528,32640
6520,32600
6511,32555
6521,32605
6492,32460
6513,32565
6375,31875
6497,32485
6557,32785
6562,32810
6530,32650
6512,32560
6496,32480
6382,31910
6557,32785
6506,32530
6560,32800
6513,32565
6532,32660
6562,32810
6367,31835
6518,32590
6553,32765
6514,32570
6555,32775
6569,32845
6513,32565
6434,32170
6512,32560
6511,32555
6525,32625
6556,32780
6521,32605
6583,32915
6375,31875
6559,32795
6507,32535
6549,32745
6507,32535
6523,32615
6599,32995
6381,31905
6501,32505
6503,32515
6491,32455
6487,32435
6507,32535
6503,32515
6432,32160
6514,32570
6510,32550
6505,32525
6507,32535
6567,32835
6513,32565
6384,31920
6574,32870
6569,32845
6531,32655
6523,32615
6566,32830
6514,32570
6388,31940
6561,32805
6564,32820
6530,32650
6564,32820
6518,32590
6633,33165
6372,31860
6509,32545
6500,32500
6520,32600
6557,32785
6513,32565
6500,32500
6361,31805
6505,32525
6495,32475
6666,33330
6511,32555
6529,32645
6524,32620
6376,31880
6554,32770
6505,32525
6500,32500
6510,32550
6569,32845
6515,32575
6391,31955
6525,32625
6513,32565
6517,32585
6557,32785
6499,32495
6576,32880
6392,31960
6527,32635
6532,32660
6505,32525
6500,32500
6500,32500
6487,32435
6373,31865
6521,32605
6556,32780
6510,32550
6516,32580
6558,32790
6500,32500
6387,31935
6515,32575
6518,32590
6559,32795
6516,32580
6566,32830
6526,32630
6427,32135
6510,32550
6575,32875
6526,32630
6568,32840
6519,32595
6556,32780
6388,31940
6500,32500
6506,32530
6574,32870
6516,32580
6575,32875
6521,32605
6426,32130
6506,32530
6554,32770
6510,32550
6563,32815
6516,32580
6527,32635
6377,31885
6503,32515
6618,33090
6629,33145
6496,32480
6566,32830
6555,32775
6436,32180
6555,32775
6556,32780
6510,32550
6505,32525
6518,32590
6515,32575
6403,32015
6519,32595
6578,32890
6541,32705
6510,32550
6572,32860
6520,32600
6437,32185
6567,32835
6522,32610
6588,32940
6541,32705
6503,32515
6495,32475
6415,32075
6510,32550
6520,32600
6515,32575
6515,32575
6497,32485
6540,32700
6365,31825
6512,32560
6555,32775
6494,32470
6506,32530
6553,32765
6506,32530
6393,31965
6507,32535
6522,32610
6509,32545
6520,32600
6520,32600
6525,32625
6452,32260
6505,32525
6505,32525
6518,32590
6572,32860
6513,32565
6508,32540
6393,31965
6558,32790
6560,32800
6503,32515
6569,32845
6520,32600
6507,32535
6430,32150
6509,32545
6541,32705
6557,32785
6505,32525
6501,32505
6520,32600
6385,31925
6505,32525
6511,32555
6552,32760
6500,32500
6512,32560
6512,32560
6379,31895
6511,32555
6519,32595
6512,32560
6513,32565
6561,32805
6520,32600
6436,32180
6514,32570
6573,32865
6575,32875
6527,32635
6547,32735
6484,32420
6355,31775
6500,32500
6555,32775
6511,32555
6549,32745
6510,32550
6506,32530
6374,31870
6513,32565
6510,32550
6506,32530
6550,32750
6548,32740
6504,32520
6385,31925
6512,32560
6527,32635
6509,32545
6526,32630
6515,32575
6576,32880
6437,32185
6502,32510
6503,32515
6638,33190
6509,32545
6523,32615
6510,32550
6434,32170
6546,32730
6513,32565
6509,32545
6500,32500
6517,32585
6504,32520
6424,32120
6507,32535
6569,32845
6500,32500
6507,32535
6513,32565
6507,32535
6374,31870
6510,32550
6556,32780
6515,32575
6504,32520
6518,32590
6573,32865
6382,31910
6525,32625
6569,32845
6567,32835
6513,32565
6509,32545
6629,33145
6387,31935
6505,32525
6522,32610
6518,32590
6547,32735
6515,32575
6492,32460
6370,31850
6555,32775
6493,32465
6558,32790
6555,32775
6507,32535
6508,32540
6365,31825
6510,32550
6551,32755
6495,32475
6518,32590
6502,32510
6525,32625
6380,31900
6563,32815
6517,32585
6550,32750
6525,32625
6545,32725
6529,32645
6444,32220
6525,32625
6530,32650
6565,32825
6524,32620
6525,32625
6532,32660
6393,31965
6533,32665
6529,32645
6497,32485
6500,32500
6487,32435
6497,32485
6378,31890
6558,32790
6552,32760
6562,32810
6494,32470
6544,32720
6520,32600
6377,31885
6511,32555
6553,32765
6497,32485
6562,32810
6547,32735
6498,32490
6415,32075
6507,32535
6510,32550
6568,32840
6505,32525
6573,32865
6530,32650
6381,31905
6554,32770
6509,32545
6523,32615
6534,32670
6574,32870
6548,32740
6373,31865
6507,32535
6537,32685
6554,32770
6562,32810
6558,32790
6509,32545
6373,31865
6505,32525
6505,32525
6499,32495
6556,32780
6554,32770
6584,32920
6368,31840
6546,32730
6500,32500
6566,32830
6575,32875
6513,32565
6593,32965
6392,31960
6579,32895
6525,32625
6565,32825
6522,32610
6504,32520
6507,32535
6399,31995
6526,32630
6509,32545
6519,32595
6492,32460
6506,32530
6651,33255
6424,32120
6501,32505
6593,32965
6505,32525
6558,32790
6508,32540
6488,32440
6383,31915
6548,32740
6514,32570
6507,32535
6511,32555
6504,32520
6509,32545
6386,31930
6560,32800
6512,32560
6525,32625
6510,32550
6515,32575
6522,32610
6433,32165
6583,32915
6520,32600
6510,32550
6595,32975
6515,32575
6519,32595
6448,32240
6626,33130
6482,32410
6493,32465
6499,32495
6571,32855
6519,32595
6374,31870
6557,32785
6548,32740
6496,32480
6510,32550
6544,32720
6558,32790
6369,31845
6517,32585
6501,32505
6514,32570
6500,32500
6567,32835
6548,32740
6527,32635
6566,32830
6565,32825
6570,32850
6511,32555
6515,32575
6513,32565
6430,32150
6519,32595
6508,32540
6526,32630
6562,32810
6634,33170
6504,32520
6368,31840
6491,32455
6516,32580
6509,32545
6549,32745
6501,32505
6490,32450
6542,32710
6512,32560
6504,32520
6542,32710
6518,32590
6505,32525
6511,32555
6510,32550
6367,31835
6559,32795
6497,32485
6515,32575
6571,32855
6565,32825
6583,32915
6371,31855
6514,32570
6504,32520
6518,32590
6532,32660
6505,32525
6569,32845
6435,32175
6629,33145
6493,32465
6495,32475
6490,32450
6501,32505
6511,32555
6415,32075
6500,32500
6641,33205
6548,32740
6501,32505
6501,32505
6551,32755
6379,31895
6503,32515
6511,32555
6501,32505
6562,32810
6653,33265
6496,32480
6433,32165
6566,32830
6508,32540
6532,32660
6556,32780
6511,32555
6510,32550
6374,31870
6521,32605
6514,32570
6574,32870
6523,32615
6570,32850
6496,32480
6379,31895
6547,32735
6573,32865
6554,32770
6505,32525
6513,32565
6501,32505
6455,32275
6508,32540
6502,32510
6557,32785
6517,32585
6507,32535
6516,32580
6374,31870
6505,32525
6501,32505
6509,32545
6565,32825
6512,32560
6503,32515
6388,31940
6516,32580
6510,32550
6622,33110
6521,32605
6569,32845
6519,32595
6515,32575
6517,32585
6511,32555
6508,32540
6513,32565
6539,32695
6513,32565
6372,31860
6551,32755
6538,32690
6548,32740
6548,32740
6551,32755
6507,32535
6370,31850
6513,32565
6509,32545
6510,32550
6504,32520
6509,32545
6518,32590
6383,31915
6523,32615
6509,32545
6518,32590
6763,33815
6555,32775
6572,32860
6388,31940
6507,32535
6531,32655
6574,32870
6513,32565
6524,32620
6553,32765
6374,31870
6497,32485
6492,32460
6556,32780
6552,32760
6552,32760
6565,32825
6373,31865
6554,32770
6498,32490
6510,32550
6511,32555
6517,32585
6518,32590
6389,31945
6656,33280
6512,32560
6561,32805
6496,32480
6514,32570
6567,32835
6396,31980
6526,32630
6504,32520
6551,32755
6506,32530
6554,32770
6568,32840
6384,31920
6510,32550
6523,32615
6545,32725
6490,32450
6487,32435
6502,32510
6366,31830
6515,32575
6515,32575
6558,32790
6501,32505
6499,32495
6517,32585
6431,32155
6559,32795
6566,32830
6552,32760
6560,32800
6511,32555
6520,32600
6385,31925
6513,32565
6589,32945
6596,32980
6520,32600
6572,32860
6505,32525
6380,31900
6525,32625
6562,32810
6508,32540
6574,32870
6524,32620
6574,32870
6456,32280
6538,32690
6516,32580
6494,32470
6510,32550
6494,32470
6557,32785
6376,31880
6559,32795
6508,32540
6492,32460
6545,32725
6504,32520
6511,32555
6426,32130
6517,32585
6564,32820
6504,32520
6525,32625
6581,32905
6526,32630
6380,31900
6513,32565
6515,32575
6526,32630
6585,32925
6512,32560
6508,32540
6392,31960
6521,32605
6565,32825
6515,32575
6496,32480
6554,32770
6497,32485
6357,31785
6493,32465
6500,32500
6537,32685
6522,32610
6494,32470
6512,32560
6378,31890
6496,32480
6517,32585
6515,32575
6502,32510
6513,32565
6510,32550
6376,31880
6626,33130
6507,32535
6513,32565
6571,32855
6523,32615
6519,32595
6391,31955
6510,32550
6564,32820
6572,32860
6578,32890
6512,32560
6562,32810
6380,31900
6567,32835
6496,32480
6507,32535
6509,32545
6525,32625
6561,32805
6382,31910
6518,32590
6511,32555
6534,32670
6495,32475
6503,32515
6518,32590
6436,32180
6508,32540
6557,32785
6522,32610
6573,32865
6495,32475
6514,32570
6395,31975
6518,32590
6517,32585
6520,32600
6556,32780
6558,32790
6514,32570
6370,31850
6573,32865
6519,32595
6590,32950
6519,32595
6486,32430
6500,32500
6364,31820
6497,32485
6552,32760
6500,32500
6555,32775
6508,32540
6489,32445
6399,31995
6553,32765
6551,32755
6544,32720
6512,32560
6509,32545
6572,32860
6385,31925
6519,32595
6500,32500
6496,32480
6565,32825
6522,32610
6523,32615
6396,31980
6509,32545
6499,32495
6567,32835
6525,32625
6513,32565
6652,33260
6572,32860
6572,32860
6497,32485
6494,32470
6507,32535
6558,32790
6515,32575
6386,31930
6510,32550
6511,32555
6522,32610
6547,32735
6508,32540
6496,32480
6393,31965
6512,32560
6502,32510
6563,32815
6504,32520
6507,32535
6518,32590
6380,31900
6569,32845
6507,32535
6533,32665
6517,32585
6517,32585
6513,32565
6380,31900
6504,32520
6558,32790
6562,32810
6570,32850
6507,32535
6497,32485
6418,32090
6496,32480
6504,32520
6501,32505
6514,32570
6498,32490
6553,32765
6385,31925
6502,32510
6541,32705
6488,32440
6503,32515
6510,32550
6608,33040
6423,32115
6500,32500
6511,32555
6514,32570
6567,32835
6574,32870
6511,32555
6403,32015
6606,33030
6518,32590
6511,32555
6515,32575
6521,32605
6573,32865
6394,31970
6568,32840
6526,32630
6510,32550
6497,32485
6503,32515
6499,32495
6388,31940
6516,32580
6553,32765
6558,32790
6545,32725
6507,32535
6564,32820
6380,31900
6499,32495
6557,32785
6520,32600
6521,32605
6518,32590
6526,32630
6407,32035
6526,32630
6515,32575
6568,32840
6529,32645
6526,32630
6511,32555
6384,31920
6559,32795
6537,32685
6517,32585
6528,32640
6571,32855
6569,32845
6429,32145
6489,32445
6516,32580
6548,32740
6598,32990
6497,32485
6497,32485
6437,32185
6505,32525
6513,32565
6503,32515
6517,32585
6559,32795
6661,33305
6425,32125
6573,32865
6557,32785
6521,32605
6563,32815
6519,32595
6569,32845
6438,32190
6637,33185
6523,32615
6527,32635
6505,32525
6516,32580
6513,32565
6403,32015
6571,32855
6576,32880
6509,32545
6549,32745
6535,32675
6494,32470
6372,31860
6506,32530
6516,32580
6567,32835
6563,32815
6575,32875
6504,32520
6375,31875
6494,32470
6514,32570
6505,32525
6563,32815
6510,32550
6564,32820
6372,31860
6521,32605
6505,32525
6519,32595
6573,32865
6518,32590
6522,32610
6373,31865
6596,32980
6510,32550
6521,32605
6516,32580
6524,32620
6526,32630
6449,32245
6539,32695
6511,32555
6507,32535
6500,32500
6498,32490
6562,32810
6377,31885
6693,33465
6511,32555
6520,32600
6628,33140
6509,32545
6502,32510
6382,31910
6504,32520
6508,32540
6519,32595
6512,32560
6541,32705
6502,32510
6391,31955
6526,32630
6552,32760
6541,32705
6513,32565
6508,32540
6568,32840
6389,31945
6509,32545
6522,32610
6552,32760
6540,32700
6500,32500
6499,32495
6360,31800
6501,32505
6514,32570
6523,32615
6496,32480
6509,32545
6505,32525
6379,31895
6557,32785
6510,32550
6510,32550
6510,32550
6515,32575
6555,32775
6648,33240
6422,32110
6589,32945
6661,33305
6521,32605
6542,32710
6511,32555
6530,32650
6396,31980
6564,32820
6564,32820
6549,32745
6514,32570
6562,32810
6569,32845
6389,31945
6561,32805
6531,32655
6542,32710
6491,32455
6539,32695
6553,32765
6383,31915
6495,32475
6551,32755
6547,32735
6548,32740
6497,32485
6557,32785
6430,32150
6516,32580
6550,32750
6510,32550
6563,32815
6514,32570
6510,32550
6395,31975
6567,32835
6528,32640
6513,32565
6529,32645
6561,32805
6561,32805
6392,31960
6534,32670
6571,32855
6517,32585
6539,32695
6504,32520
6508,32540
6429,32145
6619,33095
6508,32540
6510,32550
6515,32575
6511,32555
6495,32475
6389,31945
6512,32560
6507,32535
6596,32980
6525,32625
6563,32815
6565,32825
6463,32315
6520,32600
6506,32530
6554,32770
6526,32630
6570,32850
6523,32615
6392,31960
6516,32580
6508,32540
6495,32475
6511,32555
6572,32860
6571,32855
6395,31975
6567,32835
6490,32450
6518,32590
6498,32490
6497,32485
6555,32775
6426,32130
6563,32815
6505,32525
6494,32470
6553,32765
6552,32760
6547,32735
6387,31935
6510,32550
6548,32740
6561,32805
6539,32695
6646,33230
6522,32610
6422,32110
6525,32625
6524,32620
6564,32820
6563,32815
6514,32570
6592,32960
6392,31960
6521,32605
6637,33185
6533,32665
6574,32870
6569,32845
6506,32530
6420,32100
6485,32425
6545,32725
6560,32800
6517,32585
6597,32985
6555,32775
6360,31800
6505,32525
6501,32505
6504,32520
6518,32590
6561,32805
6555,32775
6382,31910
6664,33320
6506,32530
6499,32495
6542,32710
6521,32605
6568,32840
6440,32200
6513,32565
6518,32590
6508,32540
6510,32550
6512,32560
6531,32655
6450,32250
6520,32600
6522,32610
6619,33095
6505,32525
6507,32535
6547,32735
6511,32555
6511,32555
6563,32815
6626,33130
6517,32585
6557,32785
6559,32795
6372,31860
6564,32820
6559,32795
6509,32545
6560,32800
6581,32905
6506,32530
6424,32120
6515,32575
6523,32615
6577,32885
6546,32730
6527,32635
6520,32600
6442,32210
6560,32800
6587,32935
6563,32815
6524,32620
6562,32810
6524,32620
6403,32015
6578,32890
6495,32475
6503,32515
6515,32575
6498,32490
6509,32545
6388,31940
6493,32465
6485,32425
6500,32500
6504,32520
6496,32480
6553,32765
6391,31955
6505,32525
6508,32540
6518,32590
6507,32535
6563,32815
6509,32545
6440,32200
6567,32835
6518,32590
6510,32550
6501,32505
6519,32595
6519,32595
6390,31950
6567,32835
6519,32595
6560,32800
6495,32475
6538,32690
6504,32520
6486,32430
6492,32460
6549,32745
6519,32595
6558,32790
6509,32545
6497,32485
6358,31790
6487,32435
6497,32485
6562,32810
6499,32495
6501,32505
6517,32585
6386,31930
6523,32615
6507,32535
6526,32630
6520,32600
6511,32555
6512,32560
6370,31850
6510,32550
6520,32600
6501,32505
6514,32570
6572,32860
6510,32550
6399,31995
6503,32515
6490,32450
6513,32565
6556,32780
6550,32750
6499,32495
6385,31925
6496,32480
6495,32475
6498,32490
6516,32580
6505,32525
6562,32810
6403,32015
6585,32925
6510,32550
6497,32485
6521,32605
6554,32770
6525,32625
6434,32170
6556,32780
6512,32560
6510,32550
6554,32770
6510,32550
6504,32520
6371,31855
6572,32860
6510,32550
6570,32850
6511,32555
6495,32475
6492,32460
6361,31805
6538,32690
6512,32560
6503,32515
6498,32490
6550,32750
6546,32730
6416,32080
6504,32520
6587,32935
6550,32750
6557,32785
6525,32625
6550,32750
6384,31920
6522,32610
6561,32805
6507,32535
6527,32635
6534,32670
6525,32625
6409,32045
6566,32830
6563,32815
6520,32600
6523,32615
6529,32645
6517,32585
6556,32780
6573,32865
6550,32750
6551,32755
6505,32525
6493,32465
6555,32775
6390,31950
6508,32540
6502,32510
6505,32525
6550,32750
6507,32535
6549,32745
6385,31925
6510,32550
6517,32585
6513,32565
6511,32555
6506,32530
6496,32480
6406,32030
6508,32540
6582,32910
6562,32810
6535,32675
6505,32525
6593,32965
6539,32695
6493,32465
6510,32550
6533,32665
6512,32560
6562,32810
6492,32460
6380,31900
6519,32595
6628,33140
6506,32530
6566,32830
6496,32480
6558,32790
6411,32055
6497,32485
6545,32725
6499,32495
6515,32575
6507,32535
6506,32530
6427,32135
6511,32555
6560,32800
6501,32505
6513,32565
6564,32820
6518,32590
6439,32195
6567,32835
6508,32540
6515,32575
6527,32635
6630,33150
6515,32575
6391,31955
6569,32845
6515,32575
6540,32700
6555,32775
6546,32730
6509,32545
6387,31935
6590,32950
6590,32950
6561,32805
6500,32500
6500,32500
6502,32510
6367,31835
6519,32595
6506,32530
6639,33195
6505,32525
6635,33175
6503,32515
6393,31965
6512,32560
6519,32595
6567,32835
6533,32665
6528,32640
6568,32840
6510,32550
6523,32615
6524,32620
6518,32590
6524,32620
6582,32910
6530,32650
6362,31810
6565,32825
6491,32455
6499,32495
6510,32550
6496,32480
6520,32600
6380,31900
6503,32515
6510,32550
6516,32580
6508,32540
6567,32835
6519,32595
6393,31965
6503,32515
6568,32840
6500,32500
6522,32610
6519,32595
6516,32580
6542,32710
6571,32855
6571,32855
6565,32825
6522,32610
6502,32510
6584,32920
6405,32025
6561,32805
6554,32770
6529,32645
6502,32510
6556,32780
6502,32510
6377,31885
6563,32815
6526,32630
6501,32505
6565,32825
6498,32490
6509,32545
6382,31910
6497,32485
6524,32620
6506,32530
6518,32590
6521,32605
6499,32495
6388,31940
6515,32575
6522,32610
6567,32835
6528,32640
6538,32690
6531,32655
6398,31990
6516,32580
6529,32645
6565,32825
6562,32810
6523,32615
6525,32625
6442,32210
6651,33255
6498,32490
6485,32425
6522,32610
6512,32560
6550,32750
6377,31885
6508,32540
6509,32545
6494,32470
6514,32570
6492,32460
6516,32580
6439,32195
6518,32590
6526,32630
6569,32845
6509,32545
6599,32995
6517,32585
6445,32225
6515,32575
6567,32835
6524,32620
6508,32540
6506,32530
6563,32815
6438,32190
6516,32580
6519,32595
6518,32590
6585,32925
6501,32505
6495,32475
6385,31925
6492,32460
6560,32800
6500,32500
6507,32535
6521,32605
6522,32610
6427,32135
6548,32740
6512,32560
6566,32830
6585,32925
6506,32530
6518,32590
6520,32600
6385,31925
6511,32555
6521,32605
6565,32825
6506,32530
6525,32625
6569,32845
6393,31965
6507,32535
6563,32815
6497,32485
6525,32625
6519,32595
6572,32860
6406,32030
6539,32695
6489,32445
6484,32420
6495,32475
6501,32505
6503,32515
6425,32125
6498,32490
6612,33060
6638,33190
6550,32750
6501,32505
6555,32775
6381,31905
6496,32480
6559,32795
6503,32515
6510,32550
6502,32510
6506,32530
6439,32195
6531,32655
6565,32825
6521,32605
6499,32495
6511,32555
6560,32800
6428,32140
6571,32855
6528,32640
6528,32640
6510,32550
6557,32785
6506,32530
6375,31875
6512,32560
6522,32610
6501,32505
6509,32545
6509,32545
6499,32495
6425,32125
6498,32490
6554,32770
6511,32555
6584,32920
6514,32570
6579,32895
6379,31895
6517,32585
6518,32590
6531,32655
6659,33295
6522,32610
6519,32595
6385,31925
6508,32540
6506,32530
6524,32620
6519,32595
6567,32835
6569,32845
6377,31885
6560,32800
6554,32770
6494,32470
6502,32510
6510,32550
6497,32485
6422,32110
6550,32750
6569,32845
6544,32720
6582,32910
6504,32520
6546,32730
6425,32125
6561,32805
6503,32515
6502,32510
6518,32590
6507,32535
6510,32550
6389,31945
6569,32845
6521,32605
6574,32870
6515,32575
6526,32630
6529,32645
6467,32335
6564,32820
6593,32965
6521,32605
6575,32875
6568,32840
6507,32535
6388,31940
6546,32730
6490,32450
6531,32655
6564,32820
6508,32540
6561,32805
6373,31865
6512,32560
6516,32580
6545,32725
6499,32495
6503,32515
6505,32525
6395,31975
6502,32510
6504,32520
6508,32540
6555,32775
6527,32635
6513,32565
6380,31900
6527,32635
6504,32520
6517,32585
6519,32595
6523,32615
6572,32860
6381,31905
6517,32585
6571,32855
6518,32590
6507,32535
6499,32495
6499,32495
6372,31860
6516,32580
6511,32555
6502,32510
6499,32495
6493,32465
6502,32510
6374,31870
6511,32555
6557,32785
6504,32520
6557,32785
6585,32925
6556,32780
6378,31890
6501,32505
6543,32715
6574,32870
6513,32565
6523,32615
6516,32580
6389,31945
6514,32570
6516,32580
6538,32690
6639,33195
6538,32690
6574,32870
6397,31985
6556,32780
6544,32720
6569,32845
6558,32790
6502,32510
6497,32485
6435,32175
6516,32580
6494,32470
6525,32625
6487,32435
6597,32985
6545,32725
6379,31895
6499,32495
6518,32590
6565,32825
6502,32510
6497,32485
6511,32555
6416,32080
6528,32640
6591,32955
6527,32635
6516,32580
6595,32975
6515,32575
6391,31955
6513,32565
6571,32855
6520,32600
6494,32470
6496,32480
6505,32525
6508,32540
6564,32820
6562,32810
6518,32590
6505,32525
6547,32735
6549,32745
6435,32175
6502,32510
6510,32550
6516,32580
6563,32815
6506,32530
6510,32550
6382,31910
6514,32570
6509,32545
6541,32705
6532,32660
6518,32590
6566,32830
6545,32725
6505,32525
6513,32565
6562,32810
6579,32895
6509,32545
6528,32640
6392,31960
6500,32500
6497,32485
6500,32500
6485,32425
6502,32510
6563,32815
6387,31935
6520,32600
6544,32720
6502,32510
6498,32490
6625,33125
6511,32555
6395,31975
6532,32660
6557,32785
6517,32585
6516,32580
6514,32570
6511,32555
6389,31945
6523,32615
6505,32525
6529,32645
6560,32800
6505,32525
6513,32565
6402,32010
6528,32640
6570,32850
6518,32590
6575,32875
6484,32420
6488,32440
6367,31835
6629,33145
6626,33130
6518,32590
6503,32515
6587,32935
6552,32760
6384,31920
6487,32435
6586,32930
6504,32520
6500,32500
6554,32770
6497,32485
6374,31870
6513,32565
6514,32570
6561,32805
6572,32860
6521,32605
6523,32615
6442,32210
6568,32840
6501,32505
6512,32560
6560,32800
6529,32645
6664,33320
6402,32010
6574,32870
6553,32765
6499,32495
6670,33350
6504,32520
6516,32580
6429,32145
6563,32815
6519,32595
6503,32515
6510,32550
6562,32810
6497,32485
6386,31930
6558,32790
6506,32530
6517,32585
6500,32500
6559,32795
6510,32550
6373,31865
6564,32820
6520,32600
6516,32580
6561,32805
6507,32535
6524,32620
6383,31915
6503,32515
6523,32615
6516,32580
6513,32565
6572,32860
6509,32545
6367,31835
6498,32490
6549,32745
6557,32785
6493,32465
6503,32515
6501,32505
6421,32105
6504,32520
6502,32510
6540,32700
6511,32555
6523,32615
6520,32600
6421,32105
6506,32530
6512,32560
6505,32525
6510,32550
6520,32600
6517,32585
6398,31990
6533,32665
6506,32530
6514,32570
6563,32815
6583,32915
6523,32615
6434,32170
6534,32670
6517,32585
6496,32480
6507,32535
6530,32650
6558,32790
6392,31960
6512,32560
6505,32525
6511,32555
6511,32555
6494,32470
6496,32480
6426,32130
6522,32610
6509,32545
6507,32535
6511,32555
6559,32795
6493,32465
6376,31880
6527,32635
6514,32570
6573,32865
6511,32555
6504,32520
6502,32510
6377,31885
6517,32585
6519,32595
6516,32580
6511,32555
6521,32605
6623,33115
6364,31820
6497,32485
6495,32475
6509,32545
6562,32810
6571,32855
6500,32500
6393,31965
6561,32805
6506,32530
6506,32530
6557,32785
6541,32705
6641,33205
6383,31915
6511,32555
6507,32535
6514,32570
6500,32500
6523,32615
6566,32830
6385,31925
6536,32680
6576,32880
6557,32785
6534,32670
6523,32615
6510,32550
6388,31940
6518,32590
6576,32880
6575,32875
6508,32540
6498,32490
6507,32535
6427,32135
6509,32545
6507,32535
6517,32585
6504,32520
6554,32770
6553,32765
6383,31915
6494,32470
6508,32540
6501,32505
6507,32535
6506,32530
6621,33105
6396,31980
6557,32785
6551,32755
6521,32605
6566,32830
6523,32615
6591,32955
6384,31920
6518,32590
6512,32560
6545,32725
6527,32635
6519,32595
6577,32885
6391,31955
6549,32745
6490,32450
6498,32490
6535,32675
6519,32595
6514,32570
6429,32145
6559,32795
6540,32700
6492,32460
6508,32540
6498,32490
6555,32775
6434,32170
6564,32820
6502,32510
6509,32545
6515,32575
6510,32550
6574,32870
6406,32030
6521,32605
6577,32885
6515,32575
6507,32535
6565,32825
6498,32490
6429,32145
6526,32630
6550,32750
6508,32540
6587,32935
6506,32530
6507,32535
6375,31875
6543,32715
6509,32545
6557,32785
6562,32810
6510,32550
6490,32450
6374,31870
6508,32540
6501,32505
6587,32935
6568,32840
6662,33310
6504,32520
6557,32785
6388,31940
6515,32575
6504,32520
6518,32590
6559,32795
6507,32535
6568,32840
6432,32160
6558,32790
6560,32800
6511,32555
6522,32610
6517,32585
6566,32830
6399,31995
6481,32405
6490,32450
6492,32460
6488,32440
6492,32460
6515,32575
6376,31880
6547,32735
6546,32730
6495,32475
6498,32490
6540,32700
6503,32515
6364,31820
6508,32540
6500,32500
6515,32575
6507,32535
6512,32560
6558,32790
6388,31940
6571,32855
6515,32575
6527,32635
6514,32570
6561,32805
6569,32845
6431,32155
6528,32640
6565,32825
6570,32850
6561,32805
6499,32495
6501,32505
6366,31830
6640,33200
6509,32545
6512,32560
6557,32785
6563,32815
6502,32510
6518,32590
6502,32510
6501,32505
6516,32580
6510,32550
6516,32580
6506,32530
6452,32260
6562,32810
6509,32545
6586,32930
6574,32870
6510,32550
6507,32535
6387,31935
6554,32770
6551,32755
6517,32585
6509,32545
6558,32790
6507,32535
6478,32390
6570,32850
6544,32720
6490,32450
6506,32530
6499,32495
6554,32770
6404,32020
6558,32790
6557,32785
6548,32740
6544,32720
6497,32485
6550,32750
6383,31915
6519,32595
6553,32765
6565,32825
6510,32550
6524,32620
6513,32565
6385,31925
6570,32850
6569,32845
6531,32655
6520,32600
6522,32610
6516,32580
6391,31955
6567,32835
6580,32900
6587,32935
6575,32875
6521,32605
6618,33090
6369,31845
6553,32765
6555,32775
6555,32775
6510,32550
6498,32490
6555,32775
6400,32000
6505,32525
6516,32580
6539,32695
6559,32795
6515,32575
6555,32775
6379,31895
6565,32825
6496,32480
6508,32540
6530,32650
6520,32600
6521,32605
6399,31995
6527,32635
6522,32610
6522,32610
6515,32575
6543,32715
6564,32820
6389,31945
6516,32580
6516,32580
6508,32540
6555,32775
6545,32725
6505,32525
6374,31870
6509,32545
6506,32530
6510,32550
6548,32740
6503,32515
6576,32880
6426,32130
6529,32645
6512,32560
6566,32830
6515,32575
6514,32570
6568,32840
6378,31890
6560,32800
6580,32900
6529,32645
6515,32575
6528,32640
6509,32545
6375,31875
6522,32610
6525,32625
6529,32645
6521,32605
6530,32650
6514,32570
6416,32080
6502,32510
6504,32520
6561,32805
6501,32505
6554,32770
6506,32530
6396,31980
6514,32570
6505,32525
6553,32765
6505,32525
6527,32635
6561,32805
6388,31940
6519,32595
6584,32920
6524,32620
6509,32545
6568,32840
6663,33315
6477,32385
6527,32635
6534,32670
6567,32835
6520,32600
6524,32620
6515,32575
6390,31950
6590,32950
6515,32575
6526,32630
6505,32525
6490,32450
6510,32550
6362,31810
6519,32595
6513,32565
6564,32820
6558,32790
6499,32495
6498,32490
6373,31865
6552,32760
6499,32495
6562,32810
6533,32665
6563,32815
6510,32550
6393,31965
6642,33210
6525,32625
6516,32580
6567,32835
6524,32620
6526,32630
6393,31965
6506,32530
6522,32610
6567,32835
6518,32590
6508,32540
6519,32595
6444,32220
6515,32575
6497,32485
6506,32530
6512,32560
6516,32580
6580,32900
6390,31950
6512,32560
6495,32475
6554,32770
6501,32505
6502,32510
6505,32525
6432,32160
6511,32555
6520,32600
6503,32515
6517,32585
6521,32605
6596,32980
6386,31930
6563,32815
6527,32635
6512,32560
6564,32820
6511,32555
6552,32760
6393,31965
6639,33195
6574,32870
6512,32560
6568,32840
6604,33020
6506,32530
6404,32020
6492,32460
6556,32780
6512,32560
6508,32540
6584,32920
6549,32745
6361,31805
6492,32460
6558,32790
6557,32785
6527,32635
6637,33185
6546,32730
6390,31950
6510,32550
6512,32560
6518,32590
6569,32845
6572,32860
6575,32875
6463,32315
6521,32605
6521,32605
6504,32520
6562,32810
6566,32830
6514,32570
6448,32240
6561,32805
6517,32585
6503,32515
6502,32510
6660,33300
6501,32505
6429,32145
6540,32700
6504,32520
6503,32515
6505,32525
6510,32550
6496,32480
6439,32195
6559,32795
6573,32865
6676,33380
6508,32540
6560,32800
6533,32665
6513,32565
6508,32540
6566,32830
6570,32850
6516,32580
6504,32520
6505,32525
6427,32135
6508,32540
6568,32840
6521,32605
6517,32585
6522,32610
6551,32755
6367,31835
6545,32725
6576,32880
6550,32750
6507,32535
6507,32535
6513,32565
6416,32080
6579,32895
6663,33315
6542,32710
6510,32550
6509,32545
6550,32750
6386,31930
6528,32640
6561,32805
6560,32800
6510,32550
6603,33015
6571,32855
6449,32245
6578,32890
6562,32810
6561,32805
6511,32555
6512,32560
6569,32845
6394,31970
6592,32960
6515,32575
6493,32465
6491,32455
6493,32465
6548,32740
6427,32135
6563,32815
6557,32785
6513,32565
6505,32525
6492,32460
6498,32490
6386,31930
6498,32490
6520,32600
6510,32550
6504,32520
6517,32585
6549,32745
6367,31835
6625,33125
6527,32635
6564,32820
6517,32585
6516,32580
6510,32550
6383,31915
6521,32605
6506,32530
6516,32580
6575,32875
6528,32640
6523,32615
6379,31895
6549,32745
6497,32485
6505,32525
6521,32605
6502,32510
6517,32585
6430,32150
6563,32815
6494,32470
6510,32550
6498,32490
6520,32600
6507,32535
6369,31845
6555,32775
6585,32925
6548,32740
6632,33160
6508,32540
6567,32835
6397,31985
6528,32640
6514,32570
6520,32600
6522,32610
6564,32820
6513,32565
6401,32005
6517,32585
6522,32610
6529,32645
6496,32480
6500,32500
6501,32505
6358,31790
6508,32540
6504,32520
6513,32565
6517,32585
6552,32760
6656,33280
6371,31855
6508,32540
6563,32815
6500,32500
6553,32765
6553,32765
6515,32575
6378,31890
6504,32520
6662,33310
6519,32595
6507,32535
6518,32590
6517,32585
6436,32180
6519,32595
6506,32530
6510,32550
6519,32595
6522,32610
6528,32640
6449,32245
6499,32495
6507,32535
6500,32500
6501,32505
6508,32540
6513,32565
6381,31905
6564,32820
6535,32675
6487,32435
6509,32545
6501,32505
6503,32515
6433,32165
6560,32800
6577,32885
6512,32560
6508,32540
6519,32595
6525,32625
6436,32180
6524,32620
6603,33015
6571,32855
6517,32585
6515,32575
6514,32570
6432,32160
6518,32590
6569,32845
6511,32555
6526,32630
6624,33120
6503,32515
6414,32070
6489,32445
6525,32625
6593,32965
6499,32495
6509,32545
6506,32530
6389,31945
6500,32500
6506,32530
6494,32470
6524,32620
6506,32530
6498,32490
6543,32715
6370,31850
6519,32595
6512,32560
6519,32595
6556,32780
6524,32620
6594,32970
6424,32120
6499,32495
6509,32545
6499,32495
6607,33035
6520,32600
6568,32840
6432,32160
6494,32470
6534,32670
6524,32620
6520,32600
6501,32505
6490,32450
6364,31820
6500,32500
6546,32730
6508,32540
6486,32430
6490,32450
6546,32730
6371,31855
6503,32515
6556,32780
6561,32805
6512,32560
6513,32565
6561,32805
6449,32245
6571,32855
6519,32595
6573,32865
6501,32505
6511,32555
6564,32820
6433,32165
6565,32825
6532,32660
6516,32580
6513,32565
6507,32535
6503,32515
6370,31850
6505,32525
6508,32540
6666,33330
6526,32630
6565,32825
6509,32545
6374,31870
6550,32750
6558,32790
6511,32555
6506,32530
6519,32595
6517,32585
6493,32465
6502,32510
6521,32605
6515,32575
6558,32790
6519,32595
6512,32560
6378,31890
6518,32590
6499,32495
6504,32520
6562,32810
6527,32635
6573,32865
6399,31995
6512,32560
6507,32535
6493,32465
6560,32800
6502,32510
6504,32520
6374,31870
6509,32545
6492,32460
6484,32420
6498,32490
6501,32505
6486,32430
6382,31910
6500,32500
6505,32525
6502,32510
6522,32610
6559,32795
6523,32615
6376,31880
6565,32825
6532,32660
6568,32840
6515,32575
6506,32530
6509,32545
6382,31910
6562,32810
6565,32825
6520,32600
6518,32590
6518,32590
6565,32825
6368,31840
6546,32730
6546,32730
6512,32560
6556,32780
6512,32560
6512,32560
6419,32095
6552,32760
6510,32550
6499,32495
6518,32590
6521,32605
6555,32775
6381,31905
6556,32780
6564,32820
6530,32650
6519,32595
6520,32600
6570,32850
6435,32175
6570,32850
6504,32520
6509,32545
6535,32675
6561,32805
6516,32580
6453,32265
6571,32855
6575,32875
6554,32770
6534,32670
6498,32490
6543,32715
6381,31905
6506,32530
6565,32825
6501,32505
6514,32570
6580,32900
6551,32755
6408,32040
6511,32555
6521,32605
6569,32845
6507,32535
6504,32520
6563,32815
6431,32155
6496,32480
6570,32850
6536,32680
6573,32865
6569,32845
6534,32670
6439,32195
6511,32555
6520,32600
6521,32605
6567,32835
6570,32850
6515,32575
6425,32125
6498,32490
6530,32650
6507,32535
6549,32745
6509,32545
6509,32545
6387,31935
6501,32505
6547,32735
6500,32500
6544,32720
6501,32505
6561,32805
6390,31950
6508,32540
6497,32485
6513,32565
6508,32540
6506,32530
6518,32590
6437,32185
6517,32585
6519,32595
6519,32595
6564,32820
6502,32510
6513,32565
6384,31920
6528,32640
6523,32615
6523,32615
6488,32440
6482,32410
6507,32535
6368,31840
6504,32520
6498,32490
6531,32655
6559,32795
6497,32485
6500,32500
6380,31900
6496,32480
6496,32480
6526,32630
6501,32505
6556,32780
6498,32490
6381,31905
6509,32545
6514,32570
6519,32595
6569,32845
6566,32830
6571,32855
6387,31935
6559,32795
6522,32610
6504,32520
6524,32620
6531,32655
6570,32850
6379,31895
6497,32485
6515,32575
6509,32545
6575,32875
6513,32565
6514,32570
6375,31875
6587,32935
6557,32785
6503,32515
6500,32500
6593,32965
6545,32725
6390,31950
6508,32540
6508,32540
6614,33070
6508,32540
6557,32785
6540,32700
6436,32180
6568,32840
6525,32625
6518,32590
6521,32605
6634,33170
6501,32505
6431,32155
6519,32595
6521,32605
6517,32585
6562,32810
6482,32410
6531,32655
6367,31835
6501,32505
6496,32480
6496,32480
6555,32775
6552,32760
6496,32480
6417,32085
6494,32470
6494,32470
6559,32795
6504,32520
6503,32515
6558,32790
6429,32145
6515,32575
6558,32790
6510,32550
6564,32820
6521,32605
6566,32830
6389,31945
6508,32540
6556,32780
6503,32515
6509,32545
6515,32575
6567,32835
6459,32295
6515,32575
6499,32495
6578,32890
6512,32560
6562,32810
6571,32855
6433,32165
6516,32580
6506,32530
6495,32475
6505,32525
6584,32920
6578,32890
6394,31970
6560,32800
6564,32820
6515,32575
6499,32495
6516,32580
6517,32585
6424,32120
6512,32560
6567,32835
6562,32810
6519,32595
6522,32610
6554,32770
6388,31940
6578,32890
6525,32625
6520,32600
6504,32520
6566,32830
6538,32690
6408,32040
6492,32460
6515,32575
6509,32545
6550,32750
6508,32540
6506,32530
6383,31915
6502,32510
6494,32470
6501,32505
6559,32795
6563,32815
6521,32605
6386,31930
6521,32605
6517,32585
6523,32615
6519,32595
6580,32900
6525,32625
6460,32300
6576,32880
6523,32615
6520,32600
6564,32820
6530,32650
6532,32660
6442,32210
6524,32620
6560,32800
6498,32490
6497,32485
6543,32715
6541,32705
6432,32160
6507,32535
6514,32570
6518,32590
6496,32480
6684,33420
6544,32720
6371,31855
6509,32545
6551,32755
6521,32605
6520,32600
6638,33190
6560,32800
6381,31905
6567,32835
6506,32530
6507,32535
6592,32960
6512,32560
6566,32830
6375,31875
6519,32595
6518,32590
6526,32630
6571,32855
6575,32875
6576,32880
6365,31825
6495,32475
6492,32460
6506,32530
6520,32600
6520,32600
6501,32505
6426,32130
6508,32540
6515,32575
6568,32840
6517,32585
6516,32580
6511,32555
6384,31920
6567,32835
6560,32800
6509,32545
6506,32530
6504,32520
6577,32885
6404,32020
6519,32595
6518,32590
6523,32615
6562,32810
6566,32830
6499,32495
6395,31975
6575,32875
6527,32635
6520,32600
6498,32490
6502,32510
6554,32770
6371,31855
6518,32590
6558,32790
6507,32535
6557,32785
6553,32765
6552,32760
6365,31825
6537,32685
6569,32845
6530,32650
6503,32515
6515,32575
6523,32615
6446,32230
6565,32825
6504,32520
6511,32555
6533,32665
6577,32885
6609,33045
6387,31935
6517,32585
6559,32795
6569,32845
6506,32530
6518,32590
6516,32580
6392,31960
6510,32550
6506,32530
6488,32440
6498,32490
6561,32805
6576,32880
6423,32115
6498,32490
6546,32730
6543,32715
6496,32480
6507,32535
6506,32530
6424,32120
6507,32535
6563,32815
6518,32590
6517,32585
6561,32805
6508,32540
6401,32005
6541,32705
6571,32855
6520,32600
6568,32840
6520,32600
6499,32495
6376,31880
6629,33145
6507,32535
6509,32545
6571,32855
6504,32520
6499,32495
6370,31850
6499,32495
6508,32540
6536,32680
6505,32525
6508,32540
6507,32535
6383,31915
6489,32445
6549,32745
6561,32805
6510,32550
6558,32790
6509,32545
6499,32495
6380,31900
6513,32565
6501,32505
6525,32625
6529,32645
6572,32860
6572,32860
6437,32185
6556,32780
6510,32550
6562,32810
6571,32855
6519,32595
6522,32610
6404,32020
6506,32530
6520,32600
6491,32455
6637,33185
6552,32760
6551,32755
6365,31825
6498,32490
6616,33080
6494,32470
6501,32505
6549,32745
6537,32685
6419,32095
6516,32580
6500,32500
6508,32540
6525,32625
6556,32780
6511,32555
6396,31980
6563,32815
6578,32890
6523,32615
6520,32600
6551,32755
6505,32525
6378,31890
6509,32545
6518,32590
6610,33050
6577,32885
6508,32540
6591,32955
6366,31830
6503,32515
6508,32540
6643,33215
6524,32620
6507,32535
6503,32515
6420,32100
6628,33140
6548,32740
6556,32780
6506,32530
6566,32830
6520,32600
6426,32130
6501,32505
6556,32780
6517,32585
6570,32850
6514,32570
6559,32795
6423,32115
6563,32815
6511,32555
6520,32600
6516,32580
6516,32580
6569,32845
6439,32195
6516,32580
6494,32470
6491,32455
6507,32535
6535,32675
6558,32790
6370,31850
6504,32520
6502,32510
6501,32505
6579,32895
6539,32695
6488,32440
6390,31950
6494,32470
6512,32560
6562,32810
6512,32560
6522,32610
6560,32800
6408,32040
6571,32855
6517,32585
6521,32605
6567,32835
6556,32780
6527,32635
6435,32175
6507,32535
6576,32880
6576,32880
6524,32620
6519,32595
6616,33080
6361,31805
6542,32710
6542,32710
6506,32530
6601,33005
6528,32640
6502,32510
6387,31935
6543,32715
6497,32485
6497,32485
6561,32805
6499,32495
6537,32685
6370,31850
6509,32545
6525,32625
6543,32715
6505,32525
6559,32795
6520,32600
6441,32205
6518,32590
6516,32580
6567,32835
6513,32565
6591,32955
6516,32580
6392,31960
6718,33590
6522,32610
6509,32545
6495,32475
6495,32475
6555,32775
6390,31950
6496,32480
6513,32565
6518,32590
6499,32495
6507,32535
6557,32785
6369,31845
6571,32855
6501,32505
6557,32785
6558,32790
6517,32585
6514,32570
6379,31895
6508,32540
6535,32675
6586,32930
6513,32565
6510,32550
6520,32600
6369,31845
6504,32520
6506,32530
6510,32550
6574,32870
6575,32875
6562,32810
6417,32085
6549,32745
6506,32530
6495,32475
6499,32495
6563,32815
6506,32530
6394,31970
6557,32785
6555,32775
6559,32795
6503,32515
6599,32995
6508,32540
6383,31915
6555,32775
6524,32620
6575,32875
6521,32605
6517,32585
6535,32675
6440,32200
6576,32880
6528,32640
6566,32830
6636,33180
6507,32535
6511,32555
6395,31975
6565,32825
6526,32630
6516,32580
6483,32415
6488,32440
6482,32410
6361,31805
6505,32525
6515,32575
6505,32525
6502,32510
6545,32725
6505,32525
6384,31920
6527,32635
6514,32570
6515,32575
6515,32575
6556,32780
6494,32470
6418,32090
6507,32535
6508,32540
6586,32930
6532,32660
6563,32815
6514,32570
6384,31920
6519,32595
6577,32885
6560,32800
6538,32690
6577,32885
6571,32855
6440,32200
6500,32500
6494,32470
6487,32435
6503,32515
6505,32525
6509,32545
6378,31890
6561,32805
6502,32510
6498,32490
6497,32485
6495,32475
6511,32555
6522,32610
6521,32605
6513,32565
6558,32790
6561,32805
6520,32600
6508,32540
6386,31930
6528,32640
6508,32540
6561,32805
6501,32505
6555,32775
6499,32495
6423,32115
6571,32855
6569,32845
6511,32555
6505,32525
6495,32475
6549,32745
6359,31795
6622,33110
6496,32480
6498,32490
6540,32700
6516,32580
6494,32470
6382,31910
6499,32495
6535,32675
6494,32470
6532,32660
6556,32780
6508,32540
6426,32130
6590,32950
6503,32515
6508,32540
6513,32565
6559,32795
6571,32855
6397,31985
6512,32560
6511,32555
6518,32590
6510,32550
6509,32545
6523,32615
6400,32000
6572,32860
6558,32790
6499,32495
6500,32500
6508,32540
6496,32480
6460,32300
6508,32540
6504,32520
6505,32525
6502,32510
6507,32535
6506,32530
6437,32185
6504,32520
6523,32615
6524,32620
6507,32535
6501,32505
6506,32530
6379,31895
6515,32575
6569,32845
6503,32515
6509,32545
6550,32750
6504,32520
6384,31920
6505,32525
6559,32795
6567,32835
6520,32600
6565,32825
6577,32885
6423,32115
6491,32455
6537,32685
6633,33165
6560,32800
6523,32615
6547,32735
6440,32200
6560,32800
6537,32685
6521,32605
6515,32575
6550,32750
6512,32560
6392,31960
6562,32810
6562,32810
6558,32790
6563,32815
6563,32815
6520,32600
6383,31915
6568,32840
6519,32595
6566,32830
6513,32565
6517,32585
6522,32610
6435,32175
6563,32815
6531,32655
6498,32490
6528,32640
6496,32480
6495,32475
6385,31925
6559,32795
6554,32770
6505,32525
6503,32515
6508,32540
6502,32510
6368,31840
6513,32565
6504,32520
6514,32570
6512,32560
6508,32540
6497,32485
6383,31915
6547,32735
6559,32795
6508,32540
6517,32585
6550,32750
6509,32545
6430,32150
6505,32525
6522,32610
6593,32965
6577,32885
6537,32685
6516,32580
6378,31890
6495,32475
6492,32460
6513,32565
6516,32580
6515,32575
6503,32515
6372,31860
6546,32730
6555,32775
6508,32540
6494,32470
6513,32565
6506,32530
6374,31870
6538,32690
6551,32755
6567,32835
6503,32515
6512,32560
6576,32880
6386,31930
6514,32570
6518,32590
6509,32545
6516,32580
6516,32580
6508,32540
6413,32065
6521,32605
6518,32590
6528,32640
6636,33180
6512,32560
6547,32735
6375,31875
6528,32640
6499,32495
6562,32810
6506,32530
6507,32535
6505,32525
6371,31855
6504,32520
6501,32505
6503,32515
6524,32620
6520,32600
6607,33035
6387,31935
6503,32515
6572,32860
6529,32645
6567,32835
6520,32600
6651,33255
6391,31955
6519,32595
6513,32565
6503,32515
6520,32600
6627,33135
6529,32645
6404,32020
6553,32765
6494,32470
6572,32860
6548,32740
6583,32915
6567,32835
6393,31965
6507,32535
6504,32520
6507,32535
6503,32515
6493,32465
6509,32545
6432,32160
6506,32530
6516,32580
6509,32545
6525,32625
6655,33275
6514,32570
6440,32200
6525,32625
6524,32620
6523,32615
6532,32660
6526,32630
6505,32525
6519,32595
6592,32960
6512,32560
6518,32590
6520,32600
6500,32500
6504,32520
6414,32070
6494,32470
6524,32620
6566,32830
6509,32545
6512,32560
6507,32535
6373,31865
6555,32775
6507,32535
6510,32550
6504,32520
6522,32610
6512,32560
6515,32575
6374,31870
6542,32710
6552,32760
6562,32810
6526,32630
6560,32800
6571,32855
6382,31910
6595,32975
6517,32585
6504,32520
6523,32615
6510,32550
6569,32845
6471,32355
6539,32695
6501,32505
6499,32495
6500,32500
6651,33255
6503,32515
6372,31860
6579,32895
6581,32905
6496,32480
6533,32665
6498,32490
6507,32535
6429,32145
6581,32905
6513,32565
6502,32510
6513,32565
6567,32835
6580,32900
6446,32230
6568,32840
6571,32855
6571,32855
6568,32840
6519,32595
6515,32575
6433,32165
6527,32635
6516,32580
6565,32825
6585,32925
6499,32495
6515,32575
6376,31880
6583,32915
6507,32535
6521,32605
6568,32840
6521,32605
6507,32535
6370,31850
6510,32550
6512,32560
6637,33185
6517,32585
6535,32675
6568,32840
6390,31950
6550,32750
6504,32520
6516,32580
6506,32530
6526,32630
6512,32560
6430,32150
6515,32575
6562,32810
6506,32530
6556,32780
6512,32560
6565,32825
6431,32155
6520,32600
6547,32735
6549,32745
6551,32755
6544,32720
6518,32590
6425,32125
6543,32715
6560,32800
6495,32475
6555,32775
6551,32755
6544,32720
6434,32170
6566,32830
6559,32795
6512,32560
6508,32540
6510,32550
6596,32980
6389,31945
6527,32635
6513,32565
6532,32660
6536,32680
6621,33105
6514,32570
6385,31925
6581,32905
6592,32960
6575,32875
6529,32645
6569,32845
6541,32705
6417,32085
6554,32770
6637,33185
6512,32560
6508,32540
6555,32775
6550,32750
6421,32105
6502,32510
6501,32505
6498,32490
6509,32545
6559,32795
6508,32540
6430,32150
6512,32560
6516,32580
6517,32585
6531,32655
6626,33130
6547,32735
6390,31950
6560,32800
6511,32555
6503,32515
6520,32600
6517,32585
6516,32580
6456,32280
6570,32850
6574,32870
6625,33125
6510,32550
6549,32745
6505,32525
6386,31930
6501,32505
6559,32795
6513,32565
6548,32740
6499,32495
6508,32540
6433,32165
6559,32795
6508,32540
6518,32590
6560,32800
6511,32555
6502,32510
6408,32040
6515,32575
6580,32900
6514,32570
6534,32670
6521,32605
6522,32610
6394,31970
6547,32735
6516,32580
6520,32600
6507,32535
6526,32630
6569,32845
6498,32490
6542,32710
6549,32745
6502,32510
6565,32825
6517,32585
6664,33320
6368,31840
6498,32490
6500,32500
6513,32565
6556,32780
6498,32490
6517,32585
6392,31960
6646,33230
6505,32525
6565,32825
6510,32550
6503,32515
6511,32555
6400,32000
6571,32855
6521,32605
6502,32510
6525,32625
6626,33130
6515,32575
6447,32235
6569,32845
6525,32625
6578,32890
6490,32450
6578,32890
6539,32695
6459,32295
6503,32515
6558,32790
6517,32585
6497,32485
6536,32680
6500,32500
6423,32115
6515,32575
6503,32515
6648,33240
6507,32535
6560,32800
6530,32650
6398,31990
6505,32525
6502,32510
6529,32645
6505,32525
6571,32855
6509,32545
6517,32585
6558,32790
6512,32560
6561,32805
6563,32815
6533,32665
6514,32570
6435,32175
6495,32475
6501,32505
6499,32495
6512,32560
6564,32820
6595,32975
6431,32155
6513,32565
6558,32790
6505,32525
6505,32525
6522,32610
6506,32530
6436,32180
6559,32795
6532,32660
6524,32620
6518,32590
6510,32550
6506,32530
6447,32235
6515,32575
6511,32555
6577,32885
6509,32545
6520,32600
6510,32550
6434,32170
6566,32830
6524,32620
6527,32635
6523,32615
6530,32650
6492,32460
6363,31815
6545,32725
6507,32535
6547,32735
6491,32455
6554,32770
6493,32465
6369,31845
6550,32750
6498,32490
6500,32500
6506,32530
6559,32795
6523,32615
6384,31920
6565,32825
6510,32550
6559,32795
6516,32580
6638,33190
6528,32640
6384,31920
6568,32840
6568,32840
6520,32600
6507,32535
6520,32600
6531,32655
6384,31920
6568,32840
6544,32720
6555,32775
6500,32500
6519,32595
6504,32520
6390,31950
6566,32830
6556,32780
6501,32505
6514,32570
6502,32510
6504,32520
6380,31900
6558,32790
6560,32800
6512,32560
6628,33140
6506,32530
6515,32575
6376,31880
6561,32805
6517,32585
6505,32525
6561,32805
6557,32785
6511,32555
6371,31855
6499,32495
6566,32830
6554,32770
6564,32820
6526,32630
6496,32480
6407,32035
6560,32800
6548,32740
6673,33365
6564,32820
6562,32810
6519,32595
6426,32130
6494,32470
6505,32525
6493,32465
6736,33680
6506,32530
6504,32520
6386,31930
6511,32555
6510,32550
6509,32545
6565,32825
6572,32860
6516,32580
6449,32245
6516,32580
6557,32785
6512,32560
6521,32605
6573,32865
6517,32585
6391,31955
6545,32725
6584,32920
6547,32735
6498,32490
6511,32555
6504,32520
6377,31885
6671,33355
6552,32760
6511,32555
6519,32595
6504,32520
6495,32475
6419,32095
6563,32815
6508,32540
6512,32560
6520,32600
6518,32590
6559,32795
6380,31900
6549,32745
6568,32840
6504,32520
6571,32855
6523,32615
6560,32800
6373,31865
6501,32505
6515,32575
6618,33090
6524,32620
6564,32820
6660,33300
6424,32120
6559,32795
6493,32465
6496,32480
6517,32585
6508,32540
6518,32590
6371,31855
6583,32915
6497,32485
6496,32480
6532,32660
6563,32815
6510,32550
6436,32180
6632,33160
6567,32835
6556,32780
6508,32540
6515,32575
6572,32860
6390,31950
6567,32835
6522,32610
6514,32570
6525,32625
6506,32530
6561,32805
6394,31970
6524,32620
6525,32625
6577,32885
6490,32450
6488,32440
6548,32740
6381,31905
6556,32780
6511,32555
6560,32800
6551,32755
6505,32525
6503,32515
6382,31910
6552,32760
6563,32815
6510,32550
6519,32595
6561,32805
6506,32530
6390,31950
6525,32625
6567,32835
6524,32620
6568,32840
6574,32870
6528,32640
6390,31950
6511,32555
6567,32835
6515,32575
6571,32855
6522,32610
6524,32620
6392,31960
6509,32545
6502,32510
6486,32430
6545,32725
6497,32485
6502,32510
6382,31910
6507,32535
6552,32760
6551,32755
6552,32760
6527,32635
6559,32795
6390,31950
6538,32690
6509,32545
6566,32830
6567,32835
6516,32580
6518,32590
6447,32235
6521,32605
6529,32645
6516,32580
6515,32575
6509,32545
6567,32835
6383,31915
6527,32635
6597,32985
6571,32855
6524,32620
6550,32750
6490,32450
6369,31845
6500,32500
6514,32570
6537,32685
6513,32565
6509,32545
6551,32755
6423,32115
6512,32560
6507,32535
6513,32565
6505,32525
6591,32955
6507,32535
6507,32535
6378,31890
6503,32515
6499,32495
6515,32575
6582,32910
6518,32590
6564,32820
6383,31915
6559,32795
6522,32610
6509,32545
6523,32615
6519,32595
6569,32845
6430,32150
6529,32645
6490,32450
6490,32450
6488,32440
6505,32525
6494,32470
6421,32105
6516,32580
6508,32540
6486,32430
6499,32495
6505,32525
6497,32485
6423,32115
6564,32820
6519,32595
6509,32545
6512,32560
6520,32600
6501,32505
6404,32020
6512,32560
6525,32625
6545,32725
6524,32620
6601,33005
6568,32840
6375,31875
6523,32615
6563,32815
6543,32715
6525,32625
6512,32560
6575,32875
6415,32075
6537,32685
6518,32590
6506,32530
6551,32755
6564,32820
6499,32495
6381,31905
6522,32610
6556,32780
6506,32530
6561,32805
6562,32810
6559,32795
6460,32300
6510,32550
6509,32545
6502,32510
6585,32925
6520,32600
6518,32590
6382,31910
6565,32825
6559,32795
6564,32820
6515,32575
6507,32535
6525,32625
6445,32225
6519,32595
6485,32425
6499,32495
6489,32445
6502,32510
6514,32570
6425,32125
6502,32510
6501,32505
6503,32515
6506,32530
6495,32475
6566,32830
6426,32130
6517,32585
6551,32755
6549,32745
6581,32905
6533,32665
6636,33180
6379,31895
6541,32705
6528,32640
6577,32885
6532,32660
6557,32785
6568,32840
6386,31930
6500,32500
6557,32785
6592,32960
6527,32635
6515,32575
6554,32770
6372,31860
6492,32460
6494,32470
6513,32565
6561,32805
6511,32555
6515,32575
6379,31895
6496,32480
6552,32760
6546,32730
6554,32770
6521,32605
6561,32805
6377,31885
6505,32525
6563,32815
6511,32555
6519,32595
6630,33150
6530,32650
6391,31955
6518,32590
6528,32640
6523,32615
6555,32775
6569,32845
6509,32545
6404,32020
6511,32555
6648,33240
6562,32810
6498,32490
6550,32750
6564,32820
6368,31840
6519,32595
6501,32505
6595,32975
6505,32525
6503,32515
6499,32495
6378,31890
6561,32805
6506,32530
6510,32550
6553,32765
6515,32575
6524,32620
6385,31925
6561,32805
6597,32985
6516,32580
6647,33235
6528,32640
6503,32515
6386,31930
6566,32830
6514,32570
6567,32835
6512,32560
6516,32580
6575,32875
6416,32080
6499,32495
6502,32510
6510,32550
6560,32800
6552,32760
6507,32535
6435,32175
6498,32490
6509,32545
6559,32795
6502,32510
6522,32610
6508,32540
6421,32105
6516,32580
6506,32530
6512,32560
6516,32580
6508,32540
6579,32895
6447,32235
6529,32645
6533,32665
6570,32850
6528,32640
6511,32555
6521,32605
6389,31945
6578,32890
6590,32950
6534,32670
6503,32515
6491,32455
6536,32680
6379,31895
6505,32525
6496,32480
6500,32500
6496,32480
6552,32760
6501,32505
6392,31960
6495,32475
6505,32525
6513,32565
6562,32810
6555,32775
6519,32595
6379,31895
6518,32590
6509,32545
6514,32570
6560,32800
6509,32545
6542,32710
6385,31925
6518,32590
6564,32820
6505,32525
6529,32645
6522,32610
6508,32540
6388,31940
6500,32500
6507,32535
6492,32460
6498,32490
6504,32520
6569,32845
6377,31885
6502,32510
6510,32550
6496,32480
6503,32515
6505,32525
6561,32805
6383,31915
6517,32585
6509,32545
6508,32540
6562,32810
6520,32600
6518,32590
6392,31960
6515,32575
6515,32575
6508,32540
6509,32545
6514,32570
6514,32570
6468,32340
6544,32720
6569,32845
6525,32625
6577,32885
6494,32470
6528,32640
6351,31755
6504,32520
6506,32530
6500,32500
6547,32735
6580,32900
6551,32755
6382,31910
6487,32435
6484,32420
6522,32610
6502,32510
6501,32505
6511,32555
6388,31940
6556,32780
6503,32515
6536,32680
6535,32675
6526,32630
6574,32870
6401,32005
6520,32600
6563,32815
6570,32850
6513,32565
6516,32580
6574,32870
6383,31915
6527,32635
6501,32505
6494,32470
6510,32550
6512,32560
6517,32585
6426,32130
6560,32800
6510,32550
6497,32485
6622,33110
6510,32550
6498,32490
6398,31990
6508,32540
6507,32535
6504,32520
6499,32495
6499,32495
6556,32780
6384,31920
6564,32820
6568,32840
6515,32575
6515,32575
6550,32750
6565,32825
6425,32125
6502,32510
6527,32635
6512,32560
6516,32580
6571,32855
6542,32710
6381,31905
6548,32740
6543,32715
6508,32540
6511,32555
6508,32540
6509,32545
6379,31895
6536,32680
6497,32485
6501,32505
6563,32815
6547,32735
6563,32815
6368,31840
6514,32570
6565,32825
6516,32580
6509,32545
6573,32865
6565,32825
6398,31990
6533,32665
6517,32585
6522,32610
6518,32590
6517,32585
6575,32875
6395,31975
6571,32855
6569,32845
6499,32495
6538,32690
6509,32545
6512,32560
6437,32185
6504,32520
6565,32825
6557,32785
6501,32505
6506,32530
6512,32560
6383,31915
6558,32790
6509,32545
6504,32520
6511,32555
6570,32850
6504,32520
6378,31890
6509,32545
6568,32840
6521,32605
6528,32640
6572,32860
6567,32835
6381,31905
6512,32560
6560,32800
6517,32585
6535,32675
6518,32590
6514,32570
6400,32000
6502,32510
6499,32495
6506,32530
6508,32540
6509,32545
6521,32605
6379,31895
6517,32585
6502,32510
6501,32505
6650,33250
6560,32800
6509,32545
6437,32185
6503,32515
6561,32805
6510,32550
6514,32570
6559,32795
6536,32680
6390,31950
6574,32870
6522,32610
6516,32580
6506,32530
6560,32800
6511,32555
6443,32215
6528,32640
6519,32595
6534,32670
6491,32455
6500,32500
6513,32565
6430,32150
6553,32765
6635,33175
6516,32580
6508,32540
6495,32475
6621,33105
6416,32080
6492,32460
6509,32545
6516,32580
6558,32790
6524,32620
6558,32790
6378,31890
6515,32575
6558,32790
6575,32875
6577,32885
6517,32585
6538,32690
6386,31930
6595,32975
6630,33150
6509,32545
6521,32605
6519,32595
6682,33410
6394,31970
6499,32495
6504,32520
6506,32530
6501,32505
6512,32560
6558,32790
6374,31870
6518,32590
6506,32530
6556,32780
6495,32475
6510,32550
6561,32805
6370,31850
6553,32765
6497,32485
6515,32575
6512,32560
6510,32550
6517,32585
6388,31940
6566,32830
6521,32605
6531,32655
6504,32520
6500,32500
6507,32535
6390,31950
6509,32545
6506,32530
6534,32670
6568,32840
6574,32870
6507,32535
6364,31820
6509,32545
6528,32640
6543,32715
6556,32780
6552,32760
6501,32505
6382,31910
6516,32580
6495,32475
6500,32500
6509,32545
6565,32825
6511,32555
6499,32495
6434,32170
6497,32485
6521,32605
6584,32920
6570,32850
6524,32620
6517,32585
6444,32220
6506,32530
6555,32775
6501,32505
6528,32640
6566,32830
6513,32565
6382,31910
6489,32445
6499,32495
6545,32725
6497,32485
6500,32500
6515,32575
6367,31835
6552,32760
6493,32465
6544,32720
6553,32765
6511,32555
6551,32755
6378,31890
6498,32490
6508,32540
6520,32600
6513,32565
6518,32590
6515,32575
6403,32015
6526,32630
6522,32610
6572,32860
6513,32565
6574,32870
6510,32550
6408,32040
6579,32895
6524,32620
6528,32640
6575,32875
6506,32530
6581,32905
6427,32135
6554,32770
6510,32550
6517,32585
6508,32540
6511,32555
6553,32765
6373,31865
6504,32520
6554,32770
6519,32595
6523,32615
6564,32820
6651,33255
6384,31920
6519,32595
6510,32550
6513,32565
6558,32790
6527,32635
6531,32655
6378,31890
6559,32795
6516,32580
6551,32755
6533,32665
6518,32590
6518,32590
6440,32200
6528,32640
6497,32485
6538,32690
6498,32490
6501,32505
6551,32755
6372,31860
6567,32835
6511,32555
6542,32710
6499,32495
6523,32615
6498,32490
6380,31900
6506,32530
6500,32500
6522,32610
6514,32570
6504,32520
6571,32855
6383,31915
6596,32980
6573,32865
6521,32605
6575,32875
6558,32790
6576,32880
6384,31920
6513,32565
6579,32895
6575,32875
6569,32845
6522,32610
6495,32475
6372,31860
6551,32755
6490,32450
6511,32555
6518,32590
6555,32775
6497,32485
6412,32060
6555,32775
6499,32495
6508,32540
6520,32600
6521,32605
6515,32575
6385,31925
6506,32530
6501,32505
6515,32575
6520,32600
6526,32630
6512,32560
6444,32220
6515,32575
6516,32580
6523,32615
6507,32535
6507,32535
6518,32590
6394,31970
6521,32605
6570,32850
6511,32555
6490,32450
6505,32525
6500,32500
6391,31955
6565,32825
6559,32795
6532,32660
6506,32530
6507,32535
6513,32565
6435,32175
6556,32780
6517,32585
6520,32600
6514,32570
6524,32620
6521,32605
6438,32190
6564,32820
6525,32625
6572,32860
6567,32835
6520,32600
6516,32580
6445,32225
6516,32580
6520,32600
6521,32605
6647,33235
6530,32650
6562,32810
6368,31840
6511,32555
6492,32460
6546,32730
6563,32815
6559,32795
6503,32515
6427,32135
6547,32735
6506,32530
6507,32535
6495,32475
6525,32625
6524,32620
6433,32165
6499,32495
6524,32620
6503,32515
6525,32625
6559,32795
6571,32855
6389,31945
6533,32665
6578,32890
6500,32500
6562,32810
6566,32830
6512,32560
6388,31940
6568,32840
6565,32825
6570,32850
6488,32440
6555,32775
6486,32430
6372,31860
6552,32760
6503,32515
6495,32475
6544,32720
6500,32500
6499,32495
6378,31890
6493,32465
6527,32635
6521,32605
6586,32930
6494,32470
6521,32605
6386,31930
6558,32790
6516,32580
6529,32645
6575,32875
6596,32980
6598,32990
6377,31885
6507,32535
6512,32560
6635,33175
6578,32890
6518,32590
6531,32655
6403,32015
6494,32470
6491,32455
6501,32505
6556,32780
6510,32550
6512,32560
6434,32170
6562,32810
6498,32490
6558,32790
6494,32470
6508,32540
6509,32545
6382,31910
6637,33185
6567,32835
6512,32560
6523,32615
6571,32855
6636,33180
6386,31930
6527,32635
6559,32795
6529,32645
6518,32590
6515,32575
6516,32580
6389,31945
6585,32925
6518,32590
6522,32610
6652,33260
6491,32455
6497,32485
6378,31890
6484,32420
6549,32745
6499,32495
6586,32930
6496,32480
6507,32535
6374,31870
6496,32480
6499,32495
6500,32500
6545,32725
6559,32795
6497,32485
6393,31965
6514,32570
6509,32545
6507,32535
6569,32845
6537,32685
6568,32840
6397,31985
6567,32835
6527,32635
6563,32815
6519,32595
6569,32845
6514,32570
6437,32185
6514,32570
6559,32795
6558,32790
6505,32525
6548,32740
6511,32555
6433,32165
6542,32710
6540,32700
6502,32510
6507,32535
6504,32520
6509,32545
6436,32180
6562,32810
6559,32795
6521,32605
6507,32535
6515,32575
6509,32545
6468,32340
6570,32850
6548,32740
6566,32830
6511,32555
6556,32780
6509,32545
6371,31855
6511,32555
6513,32565
6522,32610
6522,32610
6518,32590
6497,32485
6367,31835
6546,32730
6501,32505
6623,33115
6506,32530
6505,32525
6505,32525
6413,32065
6493,32465
6499,32495
6501,32505
6560,32800
6508,32540
6679,33395
6375,31875
6513,32565
6569,32845
6555,32775
6559,32795
6553,32765
6523,32615
6405,32025
6575,32875
6518,32590
6518,32590
6506,32530
6562,32810
6524,32620
6394,31970
6531,32655
6589,32945
6507,32535
6500,32500
6540,32700
6509,32545
6429,32145
6563,32815
6553,32765
6552,32760
6488,32440
6496,32480
6500,32500
6376,31880
6589,32945
6557,32785
6567,32835
6561,32805
6507,32535
6557,32785
6371,31855
6654,33270
6567,32835
6517,32585
6559,32795
6520,32600
6508,32540
6431,32155
6564,32820
6503,32515
6568,32840
6569,32845
6512,32560
6582,32910
6382,31910
6501,32505
6549,32745
6488,32440
6523,32615
6545,32725
6507,32535
6370,31850
6512,32560
6550,32750
6518,32590
6509,32545
6507,32535
6513,32565
6429,32145
6576,32880
6581,32905
6522,32610
6496,32480
6515,32575
6570,32850
6392,31960
6573,32865
6576,32880
6504,32520
6521,32605
6518,32590
6516,32580
6399,31995
6521,32605
6527,32635
6564,32820
6549,32745
6509,32545
6555,32775
6419,32095
6508,32540
6514,32570
6555,32775
6550,32750
6551,32755
6547,32735
6362,31810
6497,32485
6509,32545
6521,32605
6507,32535
6568,32840
6505,32525
6370,31850
6502,32510
6502,32510
6525,32625
6535,32675
6563,32815
6526,32630
6395,31975
6532,32660
6555,32775
6518,32590
6515,32575
6568,32840
6532,32660
6444,32220
6499,32495
6491,32455
6501,32505
6501,32505
6699,33495
6504,32520
6373,31865
6507,32535
6499,32495
6510,32550
6507,32535
6501,32505
6549,32745
6425,32125
6509,32545
6582,32910
6508,32540
6518,32590
6517,32585
6513,32565
6394,31970
6524,32620
6511,32555
6562,32810
6524,32620
6563,32815
6571,32855
6381,31905
6530,32650
6515,32575
6514,32570
6521,32605
6508,32540
6554,32770
6368,31840
6504,32520
6503,32515
6503,32515
6561,32805
6503,32515
6550,32750
6373,31865
6560,32800
6496,32480
6507,32535
6515,32575
6525,32625
6511,32555
6550,32750
6390,31950
6503,32515
6512,32560
6570,32850
6515,32575
6517,32585
6572,32860
6437,32185
6518,32590
6507,32535
6516,32580
6516,32580
6538,32690
6567,32835
6394,31970
6487,32435
6497,32485
6518,32590
6489,32445
6545,32725
6514,32570
6419,32095
6531,32655
6561,32805
6523,32615
6543,32715
6552,32760
6550,32750
6375,31875
6550,32750
6547,32735
6508,32540
6502,32510
6563,32815
6562,32810
6393,31965
6565,32825
6512,32560
6511,32555
6503,32515
6516,32580
6597,32985
6375,31875
6575,32875
6526,32630
6527,32635
6569,32845
6514,32570
6513,32565
6390,31950
6568,32840
6515,32575
6513,32565
6559,32795
6515,32575
6499,32495
6379,31895
6505,32525
6501,32505
6510,32550
6509,32545
6566,32830
6593,32965
6431,32155
6511,32555
6531,32655
6508,32540
6508,32540
6556,32780
6568,32840
6393,31965
6560,32800
6512,32560
6590,32950
6503,32515
6519,32595
6525,32625
6465,32325
6559,32795
6486,32430
6487,32435
6499,32495
6637,33185
6635,33175
6417,32085
6537,32685
6517,32585
6497,32485
6561,32805
6548,32740
6539,32695
6421,32105
6553,32765
6550,32750
6515,32575
6568,32840
6675,33375
6599,32995
6387,31935
6531,32655
6523,32615
6532,32660
6513,32565
6522,32610
6513,32565
6391,31955
6518,32590
6562,32810
6510,32550
6569,32845
6520,32600
6513,32565
6372,31860
6506,32530
6494,32470
6509,32545
6510,32550
6554,32770
6497,32485
6370,31850
6499,32495
6498,32490
6588,32940
6568,32840
6508,32540
6561,32805
6430,32150
6506,32530
6509,32545
6501,32505
6507,32535
6630,33150
6514,32570
6387,31935
6509,32545
6510,32550
6512,32560
6537,32685
6510,32550
6571,32855
6396,31980
6534,32670
6575,32875
6549,32745
6508,32540
6506,32530
6495,32475
6373,31865
6513,32565
6515,32575
6513,32565
6557,32785
6499,32495
6545,32725
6423,32115
6502,32510
6562,32810
6562,32810
6581,32905
6496,32480
6505,32525
6509,32545
6508,32540
6571,32855
6526,32630
6546,32730
6525,32625
6592,32960
6386,31930
6521,32605
6511,32555
6570,32850
6512,32560
6657,33285
6523,32615
6374,31870
6574,32870
6556,32780
6547,32735
6514,32570
6511,32555
6494,32470
6390,31950
6550,32750
6534,32670
6549,32745
6502,32510
6558,32790
6507,32535
6390,31950
6551,32755
6521,32605
6512,32560
6520,32600
6501,32505
6510,32550
6407,32035
6527,32635
6524,32620
6526,32630
6518,32590
6569,32845
6503,32515
6388,31940
6572,32860
6508,32540
6518,32590
6580,32900
6496,32480
6498,32490
6368,31840
6635,33175
6497,32485
6502,32510
6557,32785
6548,32740
6487,32435
6423,32115
6490,32450
6586,32930
6515,32575
6511,32555
6503,32515
6527,32635
6470,32350
6525,32625
6513,32565
6529,32645
6506,32530
6528,32640
6509,32545
6392,31960
6499,32495
6555,32775
6564,32820
6527,32635
6521,32605
6516,32580
6425,32125
6485,32425
6544,32720
6498,32490
6501,32505
6518,32590
6508,32540
6385,31925
6504,32520
6556,32780
6497,32485
6529,32645
6511,32555
6502,32510
6388,31940
6506,32530
6564,32820
6518,32590
6519,32595
6565,32825
6504,32520
6386,31930
6526,32630
6545,32725
6562,32810
6514,32570
6514,32570
6521,32605
6397,31985
6574,32870
6525,32625
6565,32825
6522,32610
6493,32465
6536,32680
6441,32205
6485,32425
6544,32720
6497,32485
6510,32550
6494,32470
6508,32540
6408,32040
6541,32705
6494,32470
6509,32545
6516,32580
6500,32500
6493,32465
6369,31845
6514,32570
6540,32700
6530,32650
6522,32610
6510,32550
6510,32550
6398,31990
6586,32930
6523,32615
6559,32795
6553,32765
6526,32630
6519,32595
6384,31920
6526,32630
6622,33110
6555,32775
6496,32480
6497,32485
6522,32610
6437,32185
6525,32625
6561,32805
6512,32560
6499,32495
6554,32770
6507,32535
6386,31930
6513,32565
6522,32610
6568,32840
6508,32540
6502,32510
6566,32830
6381,31905
6509,32545
6558,32790
6571,32855
6568,32840
6515,32575
6619,33095
6390,31950
6556,32780
6528,32640
6520,32600
6522,32610
6571,32855
6538,32690
6420,32100
6494,32470
6517,32585
6550,32750
6518,32590
6497,32485
6510,32550
6385,31925
6499,32495
6551,32755
6545,32725
6548,32740
6519,32595
6505,32525
6389,31945
6567,32835
6657,33285
6516,32580
6515,32575
6521,32605
6510,32550
6439,32195
6516,32580
6506,32530
6503,32515
6565,32825
6577,32885
6571,32855
6441,32205
6516,32580
6638,33190
6553,32765
6488,32440
6504,32520
6503,32515
6376,31880
6508,32540
6497,32485
6509,32545
6503,32515
6499,32495
6503,32515
6409,32045
6513,32565
6554,32770
6654,33270
6510,32550
6520,32600
6519,32595
6376,31880
6514,32570
6537,32685
6503,32515
6506,32530
6597,32985
6512,32560
6379,31895
6505,32525
6510,32550
6506,32530
6523,32615
6563,32815
6571,32855
6367,31835
6509,32545
6491,32455
6490,32450
6496,32480
6518,32590
6514,32570
6388,31940
6504,32520
6559,32795
6489,32445
6659,33295
6510,32550
6527,32635
6381,31905
6516,32580
6568,32840
6567,32835
6553,32765
6512,32560
6572,32860
6400,32000
6574,32870
6531,32655
6512,32560
6520,32600
6511,32555
6589,32945
6386,31930
6588,32940
6523,32615
6535,32675
6670,33350
6500,32500
6518,32590
6368,31840
6499,32495
6512,32560
6504,32520
6518,32590
6511,32555
6504,32520
6363,31815
6488,32440
6558,32790
6504,32520
6509,32545
6558,32790
6650,33250
6385,31925
6509,32545
6511,32555
6517,32585
6510,32550
6510,32550
6518,32590
6389,31945
6517,32585
6566,32830
6512,32560
6525,32625
6520,32600
6539,32695
6436,32180
6498,32490
6526,32630
6516,32580
6500,32500
6499,32495
6517,32585
6405,32025
6573,32865
6539,32695
6515,32575
6549,32745
6494,32470
6507,32535
6381,31905
6593,32965
6500,32500
6518,32590
6507,32535
6500,32500
6508,32540
6379,31895
6571,32855
6518,32590
6523,32615
6524,32620
6559,32795
6565,32825
6398,31990
6599,32995
6518,32590
6525,32625
6573,32865
6530,32650
6523,32615
6368,31840
6516,32580
6511,32555
6519,32595
6512,32560
6509,32545
6646,33230
6382,31910
6500,32500
6619,33095
6511,32555
6507,32535
6504,32520
6510,32550
6502,32510
6383,31915
6571,32855
6517,32585
6570,32850
6510,32550
6561,32805
6516,32580
6386,31930
6544,32720
6504,32520
6502,32510
6576,32880
6523,32615
6523,32615
6385,31925
6486,32430
6548,32740
6500,32500
6486,32430
6515,32575
6554,32770
6401,32005
6640,33200
6488,32440
6558,32790
6501,32505
6558,32790
6500,32500
6506,32530
6506,32530
6520,32600
6581,32905
6615,33075
6520,32600
6506,32530
6404,32020
6572,32860
6656,33280
6524,32620
6523,32615
6522,32610
6568,32840
6374,31870
6523,32615
6687,33435
6567,32835
6562,32810
6547,32735
6502,32510
6367,31835
6560,32800
6553,32765
6510,32550
6511,32555
6507,32535
6511,32555
6389,31945
6498,32490
6516,32580
6522,32610
6556,32780
6561,32805
6515,32575
6377,31885
6541,32705
6511,32555
6501,32505
6520,32600
6568,32840
6569,32845
6393,31965
6512,32560
6563,32815
6640,33200
6504,32520
6568,32840
6509,32545
6434,32170
6518,32590
6486,32430
6507,32535
6495,32475
6622,33110
6503,32515
6366,31830
6506,32530
6557,32785
6506,32530
6577,32885
6487,32435
6489,32445
6376,31880
6552,32760
6496,32480
6551,32755
6547,32735
6567,32835
6507,32535
6432,32160
6529,32645
6517,32585
6572,32860
6584,32920
6518,32590
6567,32835
6405,32025
6534,32670
6597,32985
6513,32565
6535,32675
6514,32570
6527,32635
6368,31840
6489,32445
6490,32450
6554,32770
6507,32535
6554,32770
6509,32545
6368,31840
6530,32650
6547,32735
6505,32525
6507,32535
6561,32805
6499,32495
6441,32205
6512,32560
6528,32640
6553,32765
6565,32825
6516,32580
6560,32800
6444,32220
6564,32820
6510,32550
6509,32545
6510,32550
6514,32570
6519,32595
6436,32180
6519,32595
6530,32650
6508,32540
6484,32420
6496,32480
6580,32900
6379,31895
6505,32525
6557,32785
6534,32670
6511,32555
6514,32570
6511,32555
6377,31885
6571,32855
6514,32570
6566,32830
6510,32550
6555,32775
6496,32480
6403,32015
6523,32615
6523,32615
6516,32580
6508,32540
6507,32535
6510,32550
6429,32145
6519,32595
6515,32575
6518,32590
6572,32860
6527,32635
6595,32975
6374,31870
6497,32485
6508,32540
6508,32540
6504,32520
6517,32585
6552,32760
6388,31940
6509,32545
6502,32510
6558,32790
6503,32515
6524,32620
6555,32775
6390,31950
6510,32550
6582,32910
6562,32810
6525,32625
6505,32525
6517,32585
6389,31945
6529,32645
6520,32600
6510,32550
6568,32840
6512,32560
6682,33410
6447,32235
6567,32835
6530,32650
6587,32935
6493,32465
6515,32575
6498,32490
6362,31810
6513,32565
6508,32540
6518,32590
6506,32530
6502,32510
6546,32730
6423,32115
6548,32740
6512,32560
6513,32565
6506,32530
6520,32600
6570,32850
6390,31950
6553,32765
6515,32575
6513,32565
6518,32590
6572,32860
6512,32560
6386,31930
6558,32790
6508,32540
6528,32640
6518,32590
6509,32545
6516,32580
6395,31975
6500,32500
6491,32455
6556,32780
6508,32540
6499,32495
6512,32560
6375,31875
6497,32485
6513,32565
6494,32470
6494,32470
6559,32795
6535,32675
6386,31930
6524,32620
6508,32540
6590,32950
6520,32600
6507,32535
6556,32780
6455,32275
6512,32560
6569,32845
6516,32580
6512,32560
6513,32565
6515,32575
6427,32135
6521,32605
6514,32570
6563,32815
6550,32750
6485,32425
6494,32470
6377,31885
6505,32525
6498,32490
6555,32775
6557,32785
6508,32540
6500,32500
6365,31825
6494,32470
6507,32535
6505,32525
6497,32485
6506,32530
6511,32555
6381,31905
6555,32775
6559,32795
6514,32570
6524,32620
6526,32630
6565,32825
6393,31965
6525,32625
6512,32560
6516,32580
6512,32560
6569,32845
6520,32600
6402,32010
6524,32620
6502,32510
6513,32565
6554,32770
6556,32780
6559,32795
6543,32715
6508,32540
6510,32550
6518,32590
6522,32610
6508,32540
6500,32500
6387,31935
6562,32810
6507,32535
6522,32610
6564,32820
6548,32740
6506,32530
6386,31930
6509,32545
6549,32745
6561,32805
6523,32615
6507,32535
6502,32510
6426,32130
6512,32560
6521,32605
6512,32560
6573,32865
6517,32585
6670,33350
6411,32055
6540,32700
6541,32705
6497,32485
6506,32530
6519,32595
6505,32525
6414,32070
6495,32475
6507,32535
6541,32705
6507,32535
6659,33295
6515,32575
6423,32115
6565,32825
6503,32515
6561,32805
6524,32620
6553,32765
6525,32625
6447,32235
6514,32570
6567,32835
6508,32540
6508,32540
6593,32965
6531,32655
6442,32210
6515,32575
6548,32740
6609,33045
6499,32495
6505,32525
6499,32495
6376,31880
6563,32815
6650,33250
6540,32700
6488,32440
6509,32545
6556,32780
6422,32110
6532,32660
6507,32535
6562,32810
6502,32510
6552,32760
6517,32585
6441,32205
6594,32970
6571,32855
6519,32595
6513,32565
6565,32825
6581,32905
6380,31900
6567,32835
6512,32560
6568,32840
6513,32565
6558,32790
6576,32880
6385,31925
6519,32595
6514,32570
6498,32490
6552,32760
6560,32800
6564,32820
6380,31900
6506,32530
6497,32485
6500,32500
6523,32615
6540,32700
6511,32555
6384,31920
6557,32785
6518,32590
6517,32585
6567,32835
6515,32575
6573,32865
6403,32015
6525,32625
6510,32550
6562,32810
6501,32505
6506,32530
6587,32935
6448,32240
6632,33160
6536,32680
6520,32600
6543,32715
6497,32485
6505,32525
6360,31800
6500,32500
6497,32485
6644,33220
6560,32800
6495,32475
6503,32515
6376,31880
6555,32775
6542,32710
6513,32565
6562,32810
6515,32575
6502,32510
6398,31990
6512,32560
6563,32815
6564,32820
6508,32540
6527,32635
6516,32580
6445,32225
6512,32560
6506,32530
6559,32795
6572,32860
6515,32575
6519,32595
6397,31985
6546,32730
6541,32705
6510,32550
6499,32495
6557,32785
6502,32510
6375,31875
6504,32520
6543,32715
6514,32570
6497,32485
6540,32700
6559,32795
6423,32115
6561,32805
6520,32600
6512,32560
6573,32865
6509,32545
6532,32660
6391,31955
6529,32645
6507,32535
6637,33185
6511,32555
6523,32615
6510,32550
6381,31905
6593,32965
6532,32660
6568,32840
6528,32640
6498,32490
6499,32495
6428,32140
6495,32475
6511,32555
6500,32500
6569,32845
6521,32605
6543,32715
6427,32135
6504,32520
6552,32760
6518,32590
6561,32805
6505,32525
6572,32860
6559,32795
6379,31895
6502,32510
6503,32515
6523,32615
6520,32600
6522,32610
6514,32570
6391,31955
6501,32505
6503,32515
6510,32550
6642,33210
6510,32550
6525,32625
6429,32145
6501,32505
6486,32430
6494,32470
6488,32440
6509,32545
6506,32530
6434,32170
6607,33035
6494,32470
6545,32725
6520,32600
6514,32570
6545,32725
6420,32100
6508,32540
6494,32470
6516,32580
6507,32535
6512,32560
6500,32500
6408,32040
6518,32590
6526,32630
6572,32860
6512,32560
6628,33140
6509,32545
6439,32195
6510,32550
6522,32610
6521,32605
6516,32580
6516,32580
6495,32475
6374,31870
6554,32770
6558,32790
6554,32770
6513,32565
6512,32560
6501,32505
6386,31930
6505,32525
6553,32765
6517,32585
6503,32515
6505,32525
6522,32610
6382,31910
6561,32805
6500,32500
6495,32475
6560,32800
6515,32575
6559,32795
6388,31940
6558,32790
6508,32540
6511,32555
6495,32475
6568,32840
6608,33040
6547,32735
6519,32595
6540,32700
6504,32520
6508,32540
6487,32435
6560,32800
6374,31870
6503,32515
6551,32755
6549,32745
6551,32755
6553,32765
6495,32475
6389,31945
6513,32565
6503,32515
6560,32800
6514,32570
6510,32550
6517,32585
6396,31980
6567,32835
6529,32645
6530,32650
6656,33280
6514,32570
6556,32780
6387,31935
6513,32565
6512,32560
6561,32805
6526,32630
6534,32670
6508,32540
6435,32175
6498,32490
6552,32760
6520,32600
6556,32780
6617,33085
6555,32775
6453,32265
6509,32545
6500,32500
6492,32460
6512,32560
6510,32550
6512,32560
6385,31925
6568,32840
6498,32490
6509,32545
6515,32575
6519,32595
6521,32605
6441,32205
6519,32595
6512,32560
6518,32590
6522,32610
6563,32815
6521,32605
6394,31970
6570,32850
6531,32655
6496,32480
6565,32825
6509,32545
6546,32730
6390,31950
6505,32525
6551,32755
6504,32520
6509,32545
6502,32510
6510,32550
6464,32320
6511,32555
6559,32795
6567,32835
6526,32630
6502,32510
6562,32810
6376,31880
6559,32795
6522,32610
6693,33465
6573,32865
6532,32660
6598,32990
6441,32205
6524,32620
6512,32560
6575,32875
6524,32620
6521,32605
6570,32850
6378,31890
6502,32510
6512,32560
6558,32790
6561,32805
6509,32545
6508,32540
6377,31885
6551,32755
6499,32495
6555,32775
6507,32535
6509,32545
6562,32810
6376,31880
6595,32975
6506,32530
6519,32595
6568,32840
6517,32585
6510,32550
6412,32060
6573,32865
6513,32565
6502,32510
6525,32625
6601,33005
6568,32840
6400,32000
6648,33240
6535,32675
6520,32600
6559,32795
6550,32750
6510,32550
6376,31880
6498,32490
6563,32815
6517,32585
6620,33100
6507,32535
6503,32515
6428,32140
6500,32500
6555,32775
6500,32500
6499,32495
6500,32500
6504,32520
6382,31910
6511,32555
6506,32530
6561,32805
6582,32910
6533,32665
6523,32615
6444,32220
6514,32570
6504,32520
6565,32825
6519,32595
6573,32865
6570,32850
6457,32285
6502,32510
6492,32460
6506,32530
6500,32500
6510,32550
6515,32575
6449,32245
6501,32505
6554,32770
6507,32535
6501,32505
6502,32510
6516,32580
6396,31980
6506,32530
6512,32560
6559,32795
6510,32550
6561,32805
6553,32765
6432,32160
6573,32865
6524,32620
6525,32625
6566,32830
6498,32490
6501,32505
6371,31855
6565,32825
6569,32845
6572,32860
6567,32835
